m	5040
h	5011
f	4993
w	4989
v	4983
a	4982
q	4981
z	4958
p	4956
b	4954
x	4953
n	4952
e	4928
t	4924
r	4889
i	4888
s	4874
o	4865
g	4858
c	4855
j	4846
k	4840
d	4835
y	4834
l	4824
u	4780
oj	65
yh	62
cx	54
kz	53
lg	53
ju	53
mn	52
kh	52
zg	51
eg	51
ic	51
qq	51
xe	51
nc	51
xy	51
wt	51
uz	51
gl	51
lx	50
hk	50
lq	50
cn	50
st	50
ys	50
nm	50
wu	49
kr	49
jp	49
wv	49
cg	49
ch	49
vg	49
ba	49
yr	49
kt	49
gd	49
vx	48
gg	48
hf	48
vb	48
cu	48
aw	48
da	48
rv	48
iq	48
je	48
ho	48
fg	48
bn	48
gu	48
tb	48
gs	47
qe	47
zx	47
ps	47
hs	47
ha	47
ss	47
nj	47
jo	47
fc	47
ui	47
la	47
tk	47
vy	47
nk	46
ew	46
tp	46
zh	46
js	46
ih	46
be	46
fi	46
bd	46
tv	46
af	46
ok	46
po	46
ob	45
mt	45
ut	45
ro	45
no	45
qy	45
dw	45
er	45
bx	45
ws	45
im	45
fo	45
sm	45
li	45
vk	45
nv	45
el	45
vf	45
lo	45
xi	45
xr	45
hg	45
mc	44
ft	44
sv	44
ta	44
fn	44
qm	44
ww	44
ac	44
xk	44
jy	44
zj	44
ie	44
tm	44
yt	44
ay	44
ht	44
iv	44
oz	43
vc	43
bt	43
gx	43
dl	43
pr	43
ou	43
ja	43
nq	43
lp	43
ez	43
av	43
rz	43
sj	43
rm	43
qu	43
bp	43
zv	43
iz	43
sl	43
rc	43
ki	43
wq	43
sd	43
at	43
bu	43
ns	43
mv	43
of	43
bf	43
mf	43
xj	43
hw	43
cq	43
lr	42
ot	42
gr	42
xp	42
if	42
io	42
an	42
su	42
my	42
hh	42
yp	42
qr	42
ed	42
ee	42
hr	42
de	42
bw	42
uk	42
vz	42
vv	42
kq	42
pn	42
hy	42
il	42
tl	42
uu	42
uv	42
hn	41
fk	41
sx	41
tj	41
eb	41
zy	41
zm	41
cd	41
gc	41
ru	41
yz	41
fw	41
mg	41
yv	41
gw	41
nt	41
hj	41
qc	41
kg	41
lh	41
xn	41
wc	41
wa	41
ti	41
og	41
jf	41
mo	41
ua	41
ah	41
os	41
jx	41
zb	40
gz	40
jw	40
lv	40
em	40
cf	40
bs	40
mw	40
oy	40
py	40
ec	40
ji	40
xq	40
na	40
et	40
le	40
zr	40
zq	40
ct	40
uw	40
dm	40
vq	40
ap	40
sn	40
fr	40
sb	40
ue	40
so	40
yo	40
fs	40
xg	40
ve	40
jk	40
qd	40
fj	40
uj	40
hp	40
nd	40
pa	40
is	39
nu	39
fm	39
jl	39
ml	39
mh	39
zk	39
wl	39
sy	39
uf	39
mb	39
te	39
di	39
fu	39
yq	39
tz	39
sz	39
wj	39
ne	39
mu	39
db	39
aj	39
mp	39
xa	39
tf	39
ma	39
xw	39
ey	39
xd	39
qz	39
dp	39
yb	39
lj	39
pc	39
hc	39
yx	38
ku	38
zs	38
wd	38
zc	38
zf	38
dq	38
br	38
zw	38
rn	38
nb	38
au	38
qg	38
ya	38
vl	38
sh	38
zz	38
hb	38
cv	38
ci	38
lt	38
md	38
se	38
aa	38
kd	38
lf	38
vm	38
cb	38
yd	38
wy	38
cz	38
dg	38
tu	38
jv	38
hm	38
bq	38
kw	38
um	38
wp	38
ph	37
pb	37
za	37
mz	37
pz	37
lk	37
xv	37
ai	37
zi	37
ak	37
ga	37
ii	37
yy	37
mi	37
yi	37
rd	37
yw	37
rk	37
jd	37
uc	37
sk	37
jm	37
gq	37
vs	37
nx	37
pl	37
jt	37
vu	37
vn	37
vw	37
dh	37
px	37
gm	37
ty	37
iu	37
xf	37
fx	37
qn	37
jb	37
gn	37
bh	37
sc	37
fl	37
fp	37
lw	37
ky	36
ko	36
dx	36
ka	36
ik	36
km	36
bv	36
yn	36
dn	36
es	36
az	36
wm	36
hi	36
rh	36
ao	36
ri	36
pq	36
jz	36
iy	36
td	36
cs	36
am	36
uh	36
ym	36
uy	36
xx	36
tt	36
ex	36
mx	36
dt	36
sp	36
pm	36
zo	36
nh	36
ej	36
zd	36
yg	36
nr	36
it	36
ce	36
pd	36
hd	36
nz	36
rq	36
qs	35
jq	35
gj	35
wx	35
ux	35
pe	35
sr	35
ei	35
cy	35
nw	35
id	35
pw	35
ra	35
gv	35
rt	35
tw	35
yc	35
gk	35
qj	35
xt	35
hq	35
eo	35
vi	35
gy	35
ef	35
we	35
hl	35
gf	35
fb	35
re	35
vp	35
kc	35
fz	35
lu	35
tn	35
cw	35
sw	35
ug	35
xh	35
ea	35
gi	35
ab	35
lc	35
ls	35
jh	35
dk	35
eh	35
pi	35
ow	35
nl	34
oi	34
bz	34
qh	34
qi	34
hu	34
qv	34
rb	34
rl	34
dz	34
ud	34
sf	34
ds	34
yf	34
wh	34
vt	34
oo	34
cc	34
zu	34
in	34
en	34
od	34
ms	34
ng	34
xm	34
du	34
mm	34
kv	34
wn	34
pk	34
ry	34
yj	34
wz	34
fq	34
qt	34
yu	34
ck	34
ir	34
bi	34
vo	34
ly	34
ff	34
ad	34
ae	34
cm	33
to	33
ev	33
eq	33
kx	33
hv	33
om	33
un	33
df	33
mj	33
mr	33
oa	33
oe	33
by	33
xz	33
al	33
jc	33
ia	33
ny	33
uo	33
zn	33
iw	33
bm	33
xl	33
pu	33
gh	33
fa	33
cr	33
pt	33
pj	33
pv	33
oc	33
bc	33
hx	33
ll	33
ks	33
bb	33
cp	33
rr	33
oq	32
bk	32
rg	32
lz	32
hz	32
ix	32
fd	32
ze	32
dd	32
dj	32
ep	32
qo	32
va	32
jj	32
cj	32
vh	32
he	32
qp	32
ij	32
xb	32
or	32
me	32
jn	32
tq	32
eu	32
wb	32
fv	32
fy	31
sq	31
wr	31
np	31
on	31
cl	31
xs	31
rf	31
ip	31
vr	31
ql	31
gt	31
kk	31
rp	31
th	31
qk	31
ts	31
xo	31
ln	31
ul	31
qf	31
ig	31
zt	31
qb	31
pg	31
ib	31
ur	31
mq	31
rj	31
kn	30
zl	30
tr	30
go	30
lm	30
nn	30
pp	30
qw	30
ni	30
rs	30
sa	30
dy	30
as	30
mk	29
wi	29
wf	29
ke	29
up	29
kj	29
xc	29
gb	29
rw	29
kb	29
qa	29
fh	29
op	29
tx	29
ca	29
zp	29
fe	29
ol	29
yl	29
ye	29
ar	28
dv	28
ub	28
qx	28
oh	28
dc	28
wo	28
ek	28
wk	28
kf	28
ge	28
tg	28
bj	28
lb	28
gp	28
vj	28
nf	27
ov	27
sg	27
ag	27
yk	27
do	27
jg	27
si	27
ax	27
jr	27
bg	27
wg	27
bo	26
rx	26
co	26
kl	26
tc	25
ld	25
uq	25
dr	24
aq	24
xu	24
kp	23
pf	23
bl	23
ox	23
us	23
vd	20
iln	4
wgq	4
two	4
dvj	4
kuf	3
pxu	3
ije	3
jvz	3
foh	3
edv	3
pwo	3
lpi	3
vnw	3
vnv	3
pnj	3
hae	3
bju	3
bui	3
rrt	3
wbk	3
nfj	3
tlr	3
ciu	3
pig	3
gxm	3
dkt	3
cnp	3
vws	3
tsj	3
zes	3
xdm	3
ixr	3
izr	3
gwk	3
lun	3
gxx	3
vvv	3
xus	3
gxu	3
vvw	3
ewn	3
oem	3
qxx	3
lrx	3
ebf	3
gut	3
lxw	3
kax	3
fki	3
gxs	3
oxu	3
fqx	3
dvg	3
tqw	3
guo	3
zlu	3
dnq	3
aep	3
fgu	3
tbz	3
yyi	3
wqd	3
kta	3
lsg	3
eok	3
gve	3
zmy	3
vmj	3
nad	3
mpd	3
wkj	3
nan	2
blo	2
bzk	2
wuc	2
ysm	2
jbs	2
lin	2
iar	2
csx	2
fju	2
qcm	2
dew	2
ddd	2
jcn	2
ezt	2
xyu	2
zyk	2
dsf	2
dqs	2
huq	2
rnx	2
lmg	2
bdb	2
zrc	2
myw	2
xfs	2
xpl	2
xwy	2
mls	2
afe	2
twj	2
ozg	2
ebl	2
mms	2
csl	2
hnb	2
fhv	2
aor	2
cwv	2
obr	2
jrc	2
zrp	2
znb	2
fso	2
jse	2
fzi	2
jpn	2
nii	2
swi	2
ptd	2
tui	2
kqr	2
fwo	2
nbg	2
snh	2
rel	2
nnd	2
whw	2
fve	2
wjv	2
jqc	2
mto	2
hcq	2
zkj	2
uvf	2
yqc	2
dzd	2
opl	2
rge	2
ayh	2
cal	2
hna	2
oyi	2
ygd	2
pbm	2
weo	2
vgf	2
tpy	2
dso	2
dnh	2
whk	2
awd	2
ujh	2
pih	2
gqc	2
nlu	2
lhn	2
sdb	2
tyt	2
uuw	2
ktf	2
ovl	2
iog	2
flu	2
jni	2
uth	2
fcf	2
bot	2
ujp	2
iei	2
tyg	2
vev	2
phi	2
dbv	2
lhu	2
zmu	2
jyb	2
jva	2
wrz	2
ycn	2
zaf	2
tpk	2
lyd	2
htl	2
nmg	2
fhm	2
ydr	2
faz	2
kbz	2
skc	2
xho	2
dqc	2
rwj	2
hno	2
tqu	2
leq	2
iii	2
nyv	2
rys	2
ouw	2
trl	2
hle	2
hbz	2
iqw	2
vkv	2
cvi	2
tmd	2
dyr	2
ktg	2
wsz	2
odj	2
eel	2
inc	2
esy	2
kvw	2
xzq	2
kag	2
voo	2
eer	2
mwd	2
qpk	2
jge	2
dtg	2
fae	2
vsf	2
tju	2
chs	2
lny	2
osg	2
oep	2
esh	2
ljw	2
hsi	2
jaz	2
vcp	2
xnt	2
iem	2
akp	2
mgi	2
jlg	2
exg	2
seq	2
uxl	2
bwz	2
zea	2
ozj	2
acv	2
stm	2
lrb	2
fug	2
nmq	2
nhg	2
ccg	2
cii	2
yaq	2
qos	2
cjt	2
tms	2
ohs	2
hcx	2
vsa	2
mch	2
fsw	2
nsf	2
ybp	2
qxb	2
asc	2
rvo	2
ydn	2
sxh	2
vld	2
wja	2
imi	2
diw	2
wml	2
qpj	2
ejl	2
twa	2
kgi	2
bnz	2
svs	2
bfc	2
xjg	2
amr	2
die	2
krl	2
brn	2
cti	2
dlk	2
yfl	2
ezb	2
cga	2
ang	2
ijw	2
ynl	2
ppc	2
bhf	2
kbt	2
cgf	2
lte	2
iur	2
uqu	2
nlj	2
htv	2
uja	2
fee	2
wsi	2
ufo	2
gsb	2
wpn	2
vli	2
ofa	2
fyg	2
enx	2
nkf	2
uun	2
gbs	2
bte	2
kkb	2
dkj	2
imm	2
pcx	2
ezj	2
zrd	2
wmt	2
jqm	2
xdn	2
hrq	2
ieu	2
sct	2
fex	2
fir	2
arq	2
qfb	2
zcb	2
mdb	2
fvd	2
trc	2
sow	2
tha	2
zga	2
mhn	2
meg	2
fme	2
epvi	2
her	2
dsj	2
mil	2
qfj	2
djk	2
eeo	2
eki	2
gbw	2
owl	2
sfp	2
ypf	2
pps	2
ske	2
vjp	2
woc	2
jhz	2
tww	2
mot	2
dpp	2
pjl	2
pxl	2
ukm	2
xrc	2
uca	2
knv	2
tlt	2
qab	2
tug	2
ryv	2
afg	2
enf	2
fgt	2
phh	2
iyp	2
zgp	2
nqd	2
xyo	2
cld	2
fwj	2
tca	2
lsy	2
dig	2
sal	2
dhe	2
aee	2
oye	2
scy	2
lff	2
jbf	2
ewl	2
trk	2
dob	2
rpp	2
poe	2
hry	2
lwl	2
drn	2
ufj	2
gad	2
ewr	2
iiu	2
xtj	2
gpf	2
tpa	2
ycm	2
szp	2
srl	2
uee	2
lgd	2
rco	2
oyg	2
kwu	2
wae	2
zmx	2
djq	2
fyt	2
wdn	2
afj	2
anb	2
dyu	2
xpv	2
mgm	2
cja	2
yhy	2
heg	2
rpy	2
ith	2
ikw	2
ndx	2
wzuo	2
cxc	2
kyq	2
vre	2
iwm	2
xsm	2
aqf	2
fgc	2
bag	2
ldm	2
uen	2
wji	2
xmo	2
mqw	2
iso	2
lhf	2
zgc	2
cvc	2
eca	2
gnl	2
dlu	2
jvm	2
vkn	2
mvf	2
gdy	2
qln	2
ttf	2
esm	2
dbt	2
eic	2
sra	2
pwt	2
dpu	2
rmg	2
nyr	2
shb	2
zug	2
ezp	2
hfb	2
jrk	2
aky	2
enc	2
zjs	2
uoi	2
fsb	2
mwu	2
brr	2
nlx	2
qyy	2
rvt	2
pbp	2
nlc	2
jcf	2
zjz	2
neb	2
ihd	2
vzh	2
wrc	2
mcm	2
ary	2
jcq	2
pre	2
qzl	2
nml	2
hcd	2
jei	2
cse	2
bck	2
czk	2
jsc	2
lus	2
svq	2
gbf	2
ceg	2
yxc	2
wve	2
oby	2
udm	2
htz	2
ygk	2
jft	2
wow	2
san	2
ahh	2
xgd	2
nty	2
ran	2
hvj	2
hrg	2
tvq	2
yru	2
nae	2
oez	2
awz	2
iqp	2
mmg	2
udi	2
upw	2
gjo	2
hcg	2
pwk	2
klz	2
ujj	2
xnh	2
dak	2
esu	2
pqi	2
ngm	2
hxf	2
rpx	2
jch	2
vvl	2
cvy	2
drq	2
ozk	2
xtz	2
wmg	2
fsq	2
vzz	2
lsb	2
zdh	2
kfn	2
dji	2
olw	2
hop	2
dmx	2
mda	2
tap	2
rqg	2
jah	2
wiq	2
qot	2
upl	2
ixn	2
bxl	2
avp	2
qkt	2
ctk	2
fsg	2
arg	2
eui	2
nsa	2
mmb	2
egs	2
kyl	2
avw	2
dck	2
cgm	2
yei	2
izg	2
ofv	2
rfq	2
klr	2
irl	2
ynh	2
xhv	2
ven	1
ksw	1
ctis	1
oho	1
mwj	1
dcft	1
mwm	1
chq	1
pltju	1
dem	1
qedk	1
xqq	1
svd	1
tpvxw	1
ytr	1
ynf	1
hgbq	1
qoo	1
low	1
pof	1
zeij	1
kar	1
qgf	1
mnz	1
qsr	1
ecai	1
jhs	1
hse	1
gsd	1
wypc	1
qxi	1
hny	1
kzr	1
fqm	1
plki	1
zyz	1
iat	1
zpb	1
eby	1
cwp	1
pgy	1
lbq	1
hjsa	1
mwo	1
tvzy	1
ppz	1
jya	1
zhg	1
dadm	1
qir	1
vuc	1
wws	1
vuim	1
gdc	1
wqlq	1
yiit	1
wam	1
nea	1
cof	1
evlb	1
ldo	1
trvd	1
wlp	1
ene	1
eon	1
stl	1
wifv	1
rad	1
sopm	1
tgj	1
iuj	1
tlk	1
yvj	1
ixh	1
laf	1
arm	1
kns	1
hwf	1
yci	1
asy	1
hru	1
rlk	1
mbu	1
isp	1
yvmx	1
czl	1
fhjz	1
okb	1
qvob	1
mpu	1
zyrqg	1
heb	1
cuh	1
zlr	1
yyxk	1
nkl	1
ycq	1
czlf	1
mah	1
hxwcia	1
aut	1
yzgq	1
uxv	1
kwb	1
qkzo	1
fmo	1
tyj	1
wiqb	1
uko	1
arbt	1
spf	1
tyd	1
awl	1
xqr	1
hgy	1
qxkgg	1
wxc	1
dam	1
lji	1
crg	1
cbi	1
jna	1
tfx	1
jli	1
dbfut	1
tfl	1
tuq	1
prv	1
uem	1
gzd	1
anj	1
ekpo	1
isl	1
uhv	1
mjg	1
cyz	1
phq	1
coe	1
ihn	1
imzjo	1
dna	1
hjk	1
rkd	1
xtcm	1
bwf	1
vnf	1
hzc	1
blrm	1
gnv	1
urz	1
chu	1
iwz	1
dmdwt	1
tjw	1
lwu	1
kmwh	1
bwr	1
ynx	1
tvv	1
vif	1
njceg	1
qay	1
kox	1
ush	1
zoq	1
dcj	1
nst	1
hwk	1
tsxj	1
pjb	1
ranjp	1
ffu	1
fmly	1
jfy	1
scu	1
fagg	1
csg	1
briwtaz	1
cquyb	1
zro	1
noa	1
xfc	1
hnzu	1
gdb	1
fvv	1
xem	1
umn	1
qlo	1
bbav	1
gsuoq	1
wjl	1
itk	1
mxw	1
wvb	1
ldu	1
vffu	1
gto	1
gwq	1
buc	1
bcs	1
bfh	1
awgd	1
zjq	1
iji	1
ras	1
uhx	1
hmc	1
ulm	1
ivv	1
mdc	1
pia	1
ijr	1
piio	1
iakd	1
new	1
ehw	1
amd	1
cez	1
jfq	1
qmg	1
qle	1
jkb	1
wmy	1
htj	1
fuh	1
arkz	1
huw	1
jips	1
ghii	1
lrw	1
hega	1
xcq	1
ozvt	1
olx	1
stld	1
zjv	1
kto	1
cxsc	1
fnk	1
oiw	1
fpr	1
dgg	1
gxwh	1
xoz	1
axv	1
gyr	1
fct	1
rqw	1
uwu	1
rqk	1
zph	1
fzh	1
cdt	1
qyp	1
eys	1
zfa	1
dxe	1
oypqh	1
miz	1
rpb	1
wbs	1
bjc	1
exn	1
gkfy	1
wbpc	1
xzf	1
tbe	1
vtk	1
zmw	1
yxe	1
blc	1
acm	1
qew	1
hol	1
owg	1
dcr	1
hwpssv	1
eyi	1
xwt	1
cyxdf	1
exz	1
fxm	1
dxfq	1
vge	1
prka	1
zma	1
fno	1
qlj	1
uiy	1
vjf	1
pov	1
sfe	1
wpl	1
ytk	1
tzs	1
zazr	1
rlv	1
rald	1
oeg	1
uus	1
cxr	1
ein	1
gvp	1
nyqr	1
fadq	1
tvhx	1
swa	1
vzf	1
epg	1
erj	1
tph	1
ptl	1
xkg	1
bpl	1
rqq	1
oci	1
srvh	1
pwp	1
dwk	1
tys	1
ynm	1
vlq	1
dur	1
oux	1
tva	1
okish	1
uzks	1
glri	1
gkv	1
qmx	1
tnu	1
hox	1
diu	1
yll	1
xxse	1
thi	1
nlxq	1
nct	1
arz	1
xuk	1
pdg	1
xzjk	1
esb	1
lgl	1
mzsep	1
csm	1
rib	1
oncm	1
lvbj	1
dru	1
wwj	1
inp	1
puq	1
zsy	1
jhev	1
npm	1
cfpy	1
ejr	1
idg	1
ibey	1
mebc	1
ezi	1
osz	1
titn	1
oqr	1
wrdf	1
ptzc	1
bouk	1
tza	1
djh	1
etwt	1
rsy	1
swd	1
bjf	1
abdr	1
nuxr	1
lhac	1
wqcs	1
bqr	1
cwm	1
udv	1
jaq	1
ress	1
bjxo	1
uyn	1
hwhn	1
gwb	1
qhdt	1
rlj	1
ccf	1
whu	1
zex	1
spa	1
hmej	1
ntx	1
okna	1
uiac	1
cyb	1
lrj	1
agp	1
lcd	1
huk	1
htk	1
njjb	1
owt	1
oya	1
xcg	1
pbq	1
hak	1
ark	1
bdty	1
gao	1
reo	1
kfm	1
tjx	1
hdu	1
stp	1
izd	1
qpu	1
rkxy	1
kxah	1
bxi	1
zkx	1
yjw	1
bxo	1
fwe	1
oyv	1
yoca	1
wdo	1
xtg	1
ippe	1
iqe	1
pdt	1
rqnbr	1
kgc	1
pvv	1
vtb	1
ybs	1
qxa	1
qctu	1
oul	1
ldmm	1
mhk	1
stw	1
ywtr	1
yip	1
mxgh	1
gat	1
mzxw	1
frs	1
tgqh	1
wmk	1
yeq	1
rkzf	1
xmuf	1
rle	1
odqa	1
ecg	1
bgq	1
qqn	1
fvi	1
jtne	1
smo	1
twz	1
dakb	1
jivf	1
esg	1
gmjj	1
ldec	1
ymfgw	1
crb	1
fey	1
ija	1
jfm	1
nby	1
tba	1
zab	1
lsf	1
zkb	1
rsn	1
odz	1
dqx	1
xfz	1
zoe	1
oamv	1
cnv	1
fycj	1
zbi	1
ssg	1
qiw	1
ivc	1
anw	1
ocx	1
rade	1
lal	1
rjw	1
zyy	1
nvz	1
dld	1
vnj	1
kiu	1
ous	1
hju	1
qxue	1
txh	1
efcj	1
kqh	1
zrr	1
ewd	1
qtbv	1
hoba	1
wen	1
hpo	1
btgr	1
xspz	1
mnhf	1
azi	1
bvv	1
avy	1
lxqk	1
yfj	1
dno	1
zba	1
soi	1
uqce	1
edj	1
bqm	1
nqi	1
rcrk	1
kne	1
cwx	1
erw	1
ugoy	1
iyz	1
ehwt	1
ufky	1
lfevc	1
oav	1
rsk	1
nuq	1
khpj	1
tsh	1
bapc	1
cia	1
hxk	1
gop	1
abv	1
izs	1
eza	1
vgw	1
znl	1
wnz	1
znu	1
zvyg	1
qan	1
ljp	1
gvmy	1
srrya	1
etxk	1
ahs	1
xqb	1
vvzi	1
dbb	1
pyl	1
xjm	1
ifdpo	1
bni	1
bqat	1
pwi	1
rvr	1
ucf	1
mcn	1
yiz	1
yrb	1
xpt	1
eqp	1
ugz	1
wxp	1
vio	1
hly	1
zsf	1
rrp	1
quz	1
vdx	1
lgn	1
qkgyo	1
okz	1
ahi	1
dio	1
grx	1
bcmh	1
gyd	1
ebtns	1
dis	1
cdv	1
grv	1
ecs	1
gre	1
oawn	1
qit	1
igb	1
qjo	1
ose	1
kmev	1
igw	1
wiy	1
khv	1
zxup	1
vnb	1
qhq	1
wuheav	1
jla	1
kct	1
lds	1
rvvz	1
uwt	1
bsi	1
ntki	1
rnz	1
xab	1
amu	1
aglfw	1
hqj	1
qtc	1
efcd	1
mat	1
hgrr	1
azv	1
bik	1
gau	1
citm	1
ttg	1
lav	1
ger	1
zic	1
luq	1
hpmv	1
vul	1
ftp	1
bqn	1
wsw	1
dir	1
ckz	1
fwrp	1
fvq	1
uwa	1
fmfm	1
wop	1
uuus	1
cni	1
fck	1
mik	1
bzc	1
dya	1
qgi	1
dgrp	1
uuu	1
akx	1
hmp	1
ajk	1
jzm	1
kmr	1
tah	1
fmc	1
nswa	1
vmqr	1
hpm	1
fzz	1
ihg	1
zih	1
leb	1
ewfp	1
xuo	1
gsn	1
otx	1
mzt	1
evsj	1
hlw	1
akl	1
zupp	1
rxvf	1
zxjs	1
lgj	1
rzy	1
oyf	1
sqin	1
xog	1
usv	1
tij	1
iuw	1
uep	1
phv	1
tqpe	1
zjp	1
nvdh	1
ekirb	1
lsn	1
ddq	1
cwu	1
tbi	1
awy	1
lku	1
bqtix	1
uvz	1
fze	1
cks	1
xne	1
bpbd	1
yhk	1
pjd	1
jry	1
qet	1
bnp	1
lkk	1
lod	1
cqbjq	1
jig	1
crc	1
umx	1
urb	1
hrf	1
faiz	1
fds	1
pmw	1
dnb	1
jlz	1
czc	1
yyv	1
psw	1
cbj	1
kdns	1
pcme	1
huf	1
nbt	1
qke	1
tda	1
ctg	1
ejq	1
znqm	1
uua	1
nybv	1
bbv	1
pehx	1
izz	1
jjo	1
odpm	1
fcs	1
nft	1
qlw	1
jeg	1
hgi	1
eug	1
ajam	1
obqe	1
qhh	1
ibo	1
qdm	1
npq	1
wjm	1
nulj	1
atet	1
hgh	1
ejj	1
spar	1
gph	1
lau	1
ghf	1
mti	1
eakn	1
sjk	1
frpj	1
rox	1
vuq	1
gfw	1
lqpe	1
aigp	1
lctv	1
syu	1
ael	1
wsd	1
ulj	1
cyfw	1
pzj	1
jnr	1
ltn	1
som	1
ngd	1
nerk	1
yhmyt	1
qjk	1
aew	1
jmhp	1
vuv	1
bxt	1
kbua	1
wzw	1
zco	1
eov	1
cqi	1
sndka	1
hyk	1
vgr	1
pei	1
tnq	1
nkrf	1
xjt	1
zqx	1
ucd	1
kcl	1
tof	1
hep	1
hislk	1
cix	1
imz	1
hpx	1
msa	1
fbt	1
vaee	1
juh	1
ymf	1
nlw	1
uzmnr	1
mul	1
hni	1
rofymj	1
zyd	1
ortbut	1
yjn	1
ubv	1
alu	1
hll	1
gchm	1
tqx	1
vbe	1
vzp	1
fia	1
vjh	1
nhqc	1
tbj	1
uon	1
mtjuy	1
spi	1
zuo	1
nzo	1
icg	1
zvx	1
bbj	1
rey	1
uvpx	1
wyb	1
bgnk	1
qjx	1
bcu	1
qys	1
upt	1
ofl	1
mgpq	1
iqbm	1
iixq	1
yas	1
ybyhs	1
pwa	1
rxh	1
tup	1
mgg	1
yfrk	1
ngt	1
ssn	1
szs	1
wbdc	1
mcnw	1
sdr	1
kgu	1
trqe	1
tce	1
ylv	1
rcca	1
txch	1
bgzae	1
zhn	1
bnnwe	1
muz	1
vhs	1
lzq	1
xti	1
qcl	1
mro	1
qkit	1
kxy	1
wzx	1
fag	1
wuh	1
yow	1
teg	1
qgd	1
ubs	1
ikcg	1
fpj	1
mpq	1
jxsx	1
cih	1
iexk	1
jel	1
jor	1
pbwcp	1
eyae	1
udo	1
clf	1
svem	1
igd	1
bai	1
ria	1
xffuspv	1
zjgn	1
emx	1
fvp	1
tmp	1
plv	1
ggsx	1
qox	1
zbt	1
wko	1
mrzxrt	1
samzj	1
slr	1
vts	1
mnn	1
knu	1
qxki	1
wvj	1
pnn	1
zkp	1
ejc	1
hlr	1
njp	1
ucx	1
qnc	1
huu	1
bdtf	1
yxx	1
itp	1
bhhf	1
qea	1
qcbr	1
lbp	1
oydih	1
yte	1
lnd	1
xde	1
gbmk	1
zrf	1
nnbf	1
ouc	1
pcl	1
cph	1
zbg	1
kais	1
qezu	1
lbl	1
qyj	1
sdm	1
oip	1
mksk	1
owgn	1
tdz	1
hab	1
lii	1
cim	1
okc	1
wld	1
ylg	1
cqk	1
prcawa	1
far	1
hfmt	1
pqg	1
eck	1
jmmu	1
wqy	1
wmf	1
rwg	1
ydgp	1
ttvp	1
yzj	1
cvap	1
mav	1
klp	1
ewm	1
nfm	1
thm	1
gzr	1
vmt	1
oxvh	1
nkz	1
yqq	1
vkes	1
ltnk	1
npn	1
vwu	1
lda	1
tgm	1
ywh	1
qxp	1
flo	1
ppe	1
xsgn	1
osfd	1
bbd	1
mmv	1
bdcku	1
svt	1
yvg	1
ulust	1
tga	1
kiwm	1
oay	1
cwxbb	1
nmv	1
idsp	1
vdb	1
slkz	1
ncu	1
qnh	1
cdh	1
qwb	1
gvl	1
mem	1
uwzj	1
ptn	1
meh	1
ohw	1
ack	1
qsia	1
xfm	1
pnf	1
yce	1
rekb	1
fgyt	1
hyg	1
axe	1
sew	1
gar	1
cyn	1
jgm	1
mfe	1
yry	1
aplx	1
hbl	1
ajq	1
mxp	1
jzp	1
otg	1
ffo	1
tye	1
tyjz	1
gpg	1
egj	1
fyde	1
jvns	1
siin	1
zop	1
nlb	1
eyt	1
jeru	1
cwi	1
wefm	1
whx	1
txu	1
xlx	1
xow	1
ruh	1
bsr	1
kau	1
ywv	1
axg	1
iouu	1
szw	1
trbn	1
vyl	1
jtp	1
mad	1
kvs	1
izu	1
xgk	1
btx	1
cjf	1
pwq	1
rjj	1
qxt	1
tro	1
glj	1
vju	1
jun	1
cop	1
afp	1
hxi	1
eryx	1
xxkx	1
ivi	1
tbn	1
aufh	1
cxjo	1
srqqr	1
tuy	1
bsc	1
dbw	1
wocd	1
qbnm	1
solh	1
khp	1
fmaii	1
ihj	1
ygb	1
cfe	1
pxd	1
dzs	1
nys	1
smg	1
stqp	1
nvc	1
bdu	1
qlt	1
ynj	1
sjj	1
bmu	1
qll	1
lux	1
mgs	1
gak	1
mte	1
wyi	1
puj	1
cdi	1
ryyn	1
zdovg	1
hpt	1
idf	1
tbk	1
ihf	1
etw	1
khk	1
wgn	1
fqb	1
fwc	1
rwm	1
orli	1
btp	1
gza	1
klo	1
yrp	1
lnqq	1
fzog	1
gda	1
qzz	1
kmw	1
ule	1
fda	1
pcf	1
mci	1
uvo	1
gwo	1
tno	1
nfo	1
ttri	1
jxjro	1
mhnkw	1
efxv	1
mar	1
wzv	1
rnd	1
qjd	1
tlp	1
jxq	1
xwitix	1
ibea	1
izp	1
qdq	1
khwh	1
vxk	1
gbic	1
llg	1
hkw	1
kahv	1
evc	1
anya	1
ufvd	1
vvg	1
cjs	1
cpj	1
nah	1
ylo	1
auq	1
shun	1
dar	1
llfcq	1
ycdv	1
ovu	1
vro	1
juv	1
miem	1
qsu	1
env	1
whvr	1
bdeek	1
neh	1
wch	1
kpk	1
srz	1
vqgwi	1
xak	1
liak	1
gkj	1
pji	1
oly	1
cwz	1
fmx	1
zgw	1
bzb	1
mqwj	1
tjnuy	1
avs	1
vmv	1
hdj	1
duqt	1
djd	1
zrg	1
mhtj	1
rzi	1
ctpfu	1
snvj	1
ywrc	1
bsqm	1
zve	1
juz	1
ste	1
jlio	1
nxr	1
fmg	1
juw	1
ybr	1
afd	1
gqon	1
rjpu	1
bxb	1
cvl	1
mwmmx	1
dxg	1
csq	1
katg	1
xfb	1
gwip	1
irc	1
mbz	1
jfw	1
vvsm	1
akq	1
lyrd	1
lvk	1
onwl	1
bfa	1
rgzo	1
nal	1
vqk	1
brv	1
umu	1
hyc	1
wkr	1
bud	1
clg	1
yinx	1
nms	1
aty	1
ltd	1
zmq	1
vde	1
oxb	1
liw	1
ijy	1
vmmxo	1
okj	1
stz	1
lre	1
rdbm	1
ulzm	1
ggx	1
xdx	1
nie	1
akj	1
ijc	1
juq	1
nyd	1
nnq	1
srdsc	1
osmc	1
bpv	1
efe	1
hgx	1
rpd	1
hppsa	1
vig	1
rlm	1
bnzm	1
dye	1
xoj	1
nwp	1
rcc	1
wts	1
lqx	1
nzn	1
wlb	1
agb	1
vso	1
hlpk	1
kfbpq	1
hhf	1
rnq	1
zwn	1
czv	1
jcb	1
kmv	1
mky	1
ymt	1
dww	1
dvf	1
rjv	1
rbok	1
dzf	1
jjq	1
zvsq	1
ahv	1
dfz	1
adsb	1
psh	1
gukx	1
khe	1
gtqs	1
toi	1
hkk	1
gqv	1
sjxn	1
zdn	1
vyq	1
qeh	1
wje	1
iwtn	1
hfe	1
hpzo	1
kea	1
dbl	1
lham	1
aifr	1
mhfu	1
kroq	1
eeb	1
zdo	1
vlg	1
yyrlz	1
eal	1
uht	1
nnx	1
ouz	1
ulr	1
pwl	1
qzx	1
qxh	1
ahdy	1
smu	1
yjg	1
ypx	1
kvy	1
zxu	1
zbh	1
qru	1
wyhn	1
pxm	1
ugk	1
bla	1
aoipt	1
plb	1
hsh	1
rtj	1
gxg	1
jgy	1
khg	1
eai	1
xqch	1
mrf	1
cxs	1
hro	1
uib	1
azp	1
eyw	1
crv	1
vvd	1
xnd	1
nshyt	1
jet	1
uxmu	1
gqe	1
ciz	1
zjd	1
ydw	1
fgxr	1
epz	1
xtx	1
frqk	1
vov	1
hld	1
tgnh	1
gwpc	1
drj	1
fmf	1
tvj	1
xelhj	1
zuz	1
fyj	1
pes	1
rez	1
ykp	1
hayd	1
weh	1
oopl	1
irnr	1
rfkm	1
iff	1
cbz	1
rrpm	1
sdl	1
qcg	1
mqf	1
wcr	1
jhxq	1
hjx	1
jok	1
yza	1
tvt	1
ulo	1
hbq	1
ewh	1
qomo	1
knz	1
olbn	1
efmj	1
cbvrcg	1
gew	1
nnme	1
hish	1
vxs	1
hkd	1
qeo	1
fetv	1
wtq	1
ebo	1
oil	1
wor	1
cuj	1
noq	1
leni	1
cwpir	1
apy	1
hjb	1
lwm	1
vcgj	1
igp	1
pzi	1
ursb	1
ckt	1
wkd	1
jvg	1
dml	1
zdg	1
vze	1
iakod	1
nck	1
jsu	1
cft	1
skz	1
bqv	1
ffa	1
vbr	1
otq	1
hap	1
pkz	1
fsv	1
rul	1
dbp	1
kqd	1
ubk	1
glg	1
bfx	1
cka	1
feb	1
rvu	1
kcy	1
mph	1
cej	1
pwnw	1
sam	1
dqsv	1
wde	1
toz	1
onv	1
evo	1
kwj	1
ghm	1
naz	1
hebdbi	1
acuif	1
icf	1
msy	1
lqa	1
iyb	1
jwex	1
fqv	1
ikg	1
wawu	1
xtqrm	1
cfv	1
fva	1
hzh	1
jaw	1
leo	1
gppc	1
tru	1
vcy	1
vqvz	1
vxx	1
gvw	1
mkp	1
psq	1
krx	1
ilx	1
kfd	1
tqj	1
nec	1
ocf	1
mbf	1
ofg	1
vqs	1
agm	1
vrh	1
xbe	1
vnsu	1
tkjx	1
vvr	1
eakd	1
zli	1
abl	1
cer	1
wci	1
wff	1
xpp	1
kdy	1
ano	1
jev	1
ymr	1
zbd	1
cfg	1
tli	1
bew	1
spjo	1
lpm	1
kzo	1
sdzigh	1
vsl	1
cqm	1
ame	1
dae	1
kki	1
cfa	1
qwtl	1
fgz	1
qor	1
snf	1
dxy	1
azq	1
ndj	1
aeu	1
ddu	1
ilemz	1
tgyd	1
ggl	1
xsu	1
vwk	1
grf	1
cpc	1
zoi	1
ykn	1
vsv	1
vqu	1
bqud	1
vfcw	1
dsz	1
xea	1
fst	1
npbs	1
znm	1
lhb	1
skn	1
anu	1
qqvoa	1
xkk	1
plw	1
ocj	1
joc	1
ixy	1
mcw	1
gnf	1
qqv	1
sqh	1
ngs	1
zbq	1
fpp	1
ngco	1
ruo	1
lfp	1
xur	1
pzk	1
rellq	1
ftm	1
uxq	1
ynt	1
rlb	1
pzyi	1
ved	1
ksnw	1
nfh	1
utm	1
eho	1
qsm	1
ybqy	1
xpf	1
tje	1
tdg	1
uje	1
udh	1
itc	1
cvbyr	1
gbuw	1
pge	1
gkg	1
fvr	1
upr	1
bunf	1
nif	1
apc	1
hxdr	1
nqn	1
kpju	1
sgb	1
uyptds	1
envj	1
ujk	1
hog	1
bgy	1
doa	1
scs	1
svr	1
wwp	1
fok	1
vfw	1
judb	1
mxt	1
ior	1
ivo	1
hibz	1
xot	1
qef	1
uqsw	1
kper	1
emq	1
hlg	1
ifw	1
ddn	1
luc	1
txaf	1
bzg	1
emty	1
njzdr	1
rwb	1
pcbl	1
twkq	1
ymav	1
btl	1
ygh	1
ywk	1
qbf	1
efy	1
eah	1
bmi	1
rpr	1
bvq	1
wdpnl	1
bog	1
alre	1
vzu	1
miynh	1
kpt	1
eoz	1
dwc	1
dqy	1
psb	1
xohf	1
izl	1
kyy	1
lfn	1
txc	1
jqu	1
rtbob	1
bpe	1
ekfy	1
wzn	1
lwp	1
yhm	1
vib	1
abh	1
grp	1
vcl	1
jxb	1
vqq	1
jdi	1
nfq	1
ferxl	1
wvm	1
xxc	1
ugy	1
yww	1
rdh	1
oak	1
osx	1
lva	1
jjwd	1
exr	1
wqh	1
xhn	1
hvt	1
jnqx	1
yui	1
okk	1
ugs	1
qxu	1
rde	1
aoz	1
ahj	1
kdw	1
jhe	1
bxr	1
efn	1
gtb	1
pdm	1
zeg	1
ftz	1
kdl	1
pum	1
inbt	1
wme	1
guiv	1
xps	1
hgq	1
dbr	1
thak	1
ufc	1
lhgk	1
fry	1
hnae	1
szz	1
qhm	1
fob	1
ngl	1
shm	1
gjt	1
dbh	1
vqj	1
uzu	1
eiw	1
fro	1
rdw	1
pzmg	1
abz	1
gay	1
jpp	1
gdq	1
mqp	1
sgu	1
elm	1
vbgt	1
gqy	1
brp	1
awk	1
dbo	1
xtk	1
jfma	1
rgs	1
knq	1
rwwna	1
rom	1
ksuz	1
liq	1
isrb	1
ffkql	1
vuby	1
jmz	1
qyb	1
ror	1
hxb	1
lnu	1
zht	1
cjp	1
eha	1
vzi	1
dpi	1
aoy	1
iuu	1
upxfa	1
rpo	1
hso	1
fou	1
mlk	1
oumk	1
wqo	1
nav	1
uzb	1
obo	1
chy	1
hwrs	1
hnm	1
dsw	1
dju	1
lqq	1
yvn	1
lyw	1
olz	1
bmm	1
pvmr	1
gbbn	1
twk	1
czw	1
rhy	1
pjqw	1
aen	1
umfm	1
zkq	1
lsu	1
vum	1
gdo	1
xka	1
loyeg	1
buz	1
zyqd	1
dhl	1
vud	1
sfnkz	1
otqk	1
mih	1
fvh	1
qwy	1
ygo	1
vau	1
hgme	1
jmt	1
muf	1
eio	1
opk	1
gac	1
isw	1
ely	1
dwmf	1
ltw	1
gna	1
xdt	1
zam	1
sqt	1
opfr	1
aaq	1
ltv	1
pdwdw	1
jqt	1
iibp	1
rtd	1
vti	1
gxmk	1
qrv	1
ohi	1
ilj	1
bnq	1
ozc	1
sej	1
fkz	1
noe	1
jikl	1
sup	1
izelb	1
ovp	1
ktmk	1
dvh	1
ecv	1
lck	1
ucy	1
mnj	1
wvr	1
quoh	1
joro	1
yzg	1
kep	1
vbt	1
vzt	1
fvl	1
lch	1
iwxaw	1
quj	1
xdk	1
fla	1
piu	1
uwx	1
tki	1
pvf	1
bdo	1
fxt	1
lfj	1
igc	1
nrp	1
hpfo	1
tcs	1
bug	1
aae	1
zgx	1
dsk	1
sno	1
kxn	1
mvouc	1
cur	1
lom	1
zudb	1
jbuxf	1
bbr	1
oikd	1
yiy	1
cvd	1
rve	1
yqgin	1
gww	1
fcav	1
slov	1
ypgl	1
hvh	1
rlg	1
fwt	1
oxl	1
saa	1
prg	1
vqb	1
cxq	1
qdu	1
fgbr	1
ldd	1
mzp	1
kck	1
rif	1
icpqyr	1
qyv	1
ihs	1
oaky	1
chlc	1
cowh	1
rwtc	1
imy	1
icddo	1
bge	1
uqgc	1
mpy	1
yqk	1
zly	1
doe	1
sbb	1
myq	1
inud	1
oxh	1
iba	1
azd	1
imsk	1
spr	1
wxh	1
hzl	1
dasix	1
gbx	1
sdp	1
ama	1
dzn	1
iipwq	1
quq	1
bfl	1
iro	1
uli	1
wkp	1
pwc	1
slli	1
rhp	1
wjg	1
mxij	1
wjjdc	1
nwd	1
erm	1
wuuy	1
bnl	1
btg	1
usie	1
nudv	1
qqsqt	1
wky	1
egb	1
msck	1
elq	1
lusd	1
folr	1
okx	1
lxi	1
ryu	1
baw	1
fnvc	1
ssd	1
bxf	1
skl	1
auu	1
dkkkj	1
net	1
zyv	1
jmr	1
kzsx	1
ood	1
dszv	1
eieg	1
yoj	1
rio	1
xcyy	1
jgv	1
udta	1
dqr	1
yyd	1
eaa	1
vrhr	1
ogt	1
kuy	1
iwf	1
lofq	1
kun	1
nxrli	1
axm	1
xcb	1
aks	1
lkg	1
eqa	1
ksa	1
swbr	1
kxv	1
sgy	1
usg	1
onu	1
cqc	1
qgv	1
rlu	1
ojt	1
kjm	1
sjn	1
hgpbw	1
xvt	1
vtu	1
okbt	1
fce	1
nmk	1
sdjsp	1
rkzb	1
rse	1
dtq	1
ztp	1
xca	1
psz	1
kgr	1
huj	1
oype	1
xnn	1
eku	1
doz	1
bva	1
aubb	1
xba	1
nwh	1
xki	1
xuvn	1
eqb	1
uvb	1
sgvf	1
xzzfh	1
hph	1
ysk	1
djc	1
yxf	1
xwfve	1
aebd	1
tqxe	1
htqwg	1
wtc	1
tjf	1
qurk	1
azf	1
ifr	1
edm	1
vmg	1
vka	1
fsu	1
wbd	1
knh	1
zem	1
vyvb	1
rqou	1
fdy	1
lzk	1
lfev	1
pxs	1
buk	1
iasf	1
icnn	1
mrn	1
hrko	1
hji	1
tze	1
izi	1
edx	1
jorx	1
zjll	1
xgmr	1
gbqmb	1
zpj	1
dwm	1
esx	1
dza	1
oor	1
eil	1
tpe	1
acys	1
vlv	1
yfy	1
byny	1
ppd	1
yuykyj	1
rca	1
ufs	1
ckw	1
xiti	1
huna	1
wshd	1
bdi	1
qpl	1
dbf	1
kzl	1
bxeq	1
wut	1
xxf	1
exw	1
cytc	1
uwbz	1
lkp	1
dvl	1
qso	1
tmy	1
qbt	1
ihnk	1
frz	1
uzeq	1
qwmo	1
ncqa	1
lbc	1
vhkc	1
cxz	1
lnp	1
ohr	1
abgr	1
yti	1
dyq	1
ker	1
jcaqin	1
jyx	1
rlc	1
hcv	1
osl	1
sjp	1
fabw	1
duj	1
qyd	1
iyu	1
ccs	1
sqz	1
xjn	1
cmr	1
kff	1
dpw	1
nlv	1
nil	1
ufw	1
yew	1
tyi	1
tqr	1
yief	1
elo	1
hzw	1
gsowz	1
kig	1
fph	1
lah	1
tjt	1
msr	1
sck	1
swx	1
fvn	1
dga	1
zlt	1
wsl	1
fahr	1
tmx	1
lts	1
bbo	1
vlb	1
bwp	1
vcw	1
kmi	1
col	1
wdz	1
zrk	1
mll	1
kdwf	1
qaw	1
wfv	1
wrb	1
ktl	1
epyb	1
jmzhu	1
vlf	1
zni	1
lma	1
qnj	1
blv	1
pfx	1
vbx	1
vfj	1
fsp	1
bwa	1
wgrw	1
ixnk	1
ebx	1
rrn	1
lmp	1
jum	1
aka	1
hmg	1
yba	1
tvb	1
igy	1
zlh	1
ara	1
taw	1
edc	1
wrpo	1
oaj	1
oie	1
cumt	1
jylax	1
vsip	1
vim	1
fqw	1
cre	1
nnz	1
mxh	1
png	1
pfb	1
yju	1
jtk	1
tpdbf	1
knk	1
cmth	1
hqxm	1
bbjw	1
jkk	1
eds	1
tcn	1
edvl	1
rwr	1
dilvurg	1
mvh	1
xwb	1
pnw	1
qcc	1
tgsu	1
epdym	1
jtd	1
dfv	1
gcj	1
slo	1
pgt	1
hrt	1
pcq	1
szv	1
fxa	1
nnc	1
mou	1
toj	1
sjw	1
lvt	1
yhs	1
rxy	1
gyl	1
hzy	1
muvu	1
fsh	1
fea	1
cjd	1
umy	1
vyn	1
amz	1
jloo	1
gegd	1
iiv	1
ckq	1
slye	1
pegt	1
emyf	1
xtej	1
bfo	1
func	1
royj	1
kscp	1
ezv	1
ezn	1
lac	1
zyt	1
aom	1
urf	1
tpx	1
wfe	1
ccx	1
ifp	1
yhyo	1
gct	1
ygp	1
zqbd	1
flk	1
ber	1
wecli	1
nbk	1
rfy	1
sua	1
nmw	1
nqqc	1
pbb	1
ugb	1
uoq	1
pjy	1
vsr	1
yks	1
bfi	1
rogt	1
gdk	1
cqx	1
cxhbl	1
heu	1
hql	1
wtj	1
aim	1
peue	1
jck	1
mny	1
mqm	1
nmr	1
xytq	1
yne	1
daff	1
hpr	1
vdn	1
ltj	1
yfn	1
xpm	1
owr	1
xdar	1
qtq	1
ajuz	1
tbt	1
nuax	1
kft	1
ikyi	1
muw	1
cxf	1
pwg	1
bbl	1
yzf	1
ssl	1
zib	1
eeg	1
gxl	1
ksl	1
bpk	1
zddw	1
bktg	1
ccwj	1
sry	1
ynzd	1
wvt	1
jal	1
hfn	1
rcl	1
vsvk	1
gfm	1
uqd	1
ihp	1
ugv	1
ryf	1
kbx	1
umt	1
hfs	1
cuw	1
vlwq	1
ubqvr	1
wmgqww	1
unr	1
hhj	1
grw	1
znw	1
glxnn	1
mhm	1
nzou	1
zik	1
kxb	1
kqt	1
myybv	1
psm	1
tvl	1
mnd	1
phmp	1
wlh	1
jbo	1
zki	1
nts	1
crjk	1
csi	1
mzm	1
ixe	1
kysg	1
rva	1
muq	1
ghz	1
cgo	1
okv	1
vop	1
fye	1
pnv	1
fdg	1
azga	1
sxk	1
gci	1
nud	1
nzc	1
bxnc	1
hca	1
kjpr	1
lkw	1
qwr	1
iwa	1
ptepb	1
kqm	1
pozw	1
iryzm	1
pbu	1
hgc	1
gzo	1
gvkb	1
ccr	1
rxc	1
kkgh	1
zysf	1
mqy	1
uqs	1
szx	1
jdw	1
sht	1
cbx	1
hea	1
qgr	1
alx	1
waj	1
njapwfp	1
tsb	1
kex	1
lhs	1
hdq	1
udlz	1
kjq	1
aph	1
lci	1
trf	1
aoq	1
kwjne	1
wgg	1
lbs	1
eyu	1
dch	1
usc	1
nns	1
bjn	1
hvr	1
rqo	1
qco	1
bclr	1
vlk	1
lpy	1
ftji	1
xglc	1
wct	1
bfr	1
zgg	1
xckagf	1
sqtq	1
hvlu	1
ctb	1
tws	1
avmi	1
tja	1
dca	1
uvi	1
ysw	1
qvy	1
bwu	1
gic	1
kmj	1
pzp	1
ihfi	1
ejs	1
lwt	1
rvn	1
qzzc	1
jem	1
ciosi	1
nhu	1
ttj	1
nrps	1
whc	1
pnk	1
xhj	1
inn	1
pwff	1
vwq	1
ulx	1
ymh	1
hdsq	1
aub	1
ueg	1
dsl	1
nrr	1
prw	1
qou	1
klu	1
aowx	1
vss	1
zdhpm	1
kmt	1
zwz	1
yil	1
ldov	1
xeg	1
vbp	1
ujrw	1
hliifa	1
muh	1
smr	1
clj	1
hsk	1
kcx	1
zad	1
ikt	1
pvz	1
nmqd	1
brx	1
hpue	1
ljx	1
zadhv	1
oig	1
pmc	1
zqq	1
uatb	1
swv	1
cmgj	1
xod	1
wwm	1
bcp	1
zdp	1
azl	1
hbox	1
azh	1
djw	1
ygbhh	1
qsx	1
ymuu	1
mrh	1
eyb	1
byj	1
pfjx	1
lwx	1
efzm	1
wto	1
nrs	1
yup	1
ypp	1
ugiue	1
qtve	1
akb	1
fref	1
odg	1
sjd	1
lln	1
fgf	1
trgr	1
dct	1
vkh	1
ngtb	1
boi	1
kjh	1
cyc	1
xdkt	1
ncs	1
yjj	1
wlr	1
qkq	1
nxi	1
tyb	1
cnz	1
cvz	1
dfq	1
sbf	1
qtp	1
eygtma	1
mbyh	1
jwl	1
ohb	1
pld	1
qcwuz	1
ytw	1
nbda	1
zmt	1
orvw	1
rxr	1
hhz	1
pse	1
nzh	1
kqulk	1
xze	1
ytwd	1
asm	1
ayi	1
rcs	1
piy	1
hakp	1
xvk	1
chn	1
nbzf	1
gfa	1
gmz	1
evurohy	1
pso	1
lpiy	1
ayg	1
rar	1
lcr	1
vbo	1
yqn	1
yuv	1
wiba	1
qdi	1
whg	1
jly	1
qrs	1
gjge	1
bfet	1
klj	1
bwi	1
rff	1
lja	1
vue	1
sse	1
pkmz	1
wbb	1
saw	1
unpo	1
zjf	1
sdt	1
fxb	1
ouy	1
jwz	1
ibp	1
cmku	1
fwx	1
xqj	1
unl	1
bwqs	1
bjo	1
scv	1
hnp	1
lmls	1
whq	1
jls	1
fib	1
bser	1
lxx	1
pxr	1
joh	1
vgi	1
cziq	1
qpd	1
bux	1
kdm	1
bafy	1
fvx	1
tbu	1
awg	1
ebd	1
wlxp	1
bsy	1
tcl	1
kug	1
osb	1
uah	1
ddjij	1
ufm	1
njl	1
kfe	1
aqj	1
ybnq	1
iqg	1
ydy	1
nleq	1
mox	1
dkb	1
cbw	1
puw	1
jnm	1
akw	1
adea	1
ywd	1
svm	1
jci	1
fjw	1
wzes	1
xuxc	1
nix	1
rvv	1
ghqq	1
bme	1
gav	1
thq	1
fsjl	1
vwt	1
not	1
usy	1
fizwh	1
zgh	1
rtn	1
yel	1
vtc	1
ich	1
ynsc	1
cvu	1
npy	1
zmzd	1
xkau	1
wym	1
cys	1
dpv	1
vpw	1
gkbo	1
gel	1
zys	1
orqe	1
ffk	1
cvx	1
xek	1
koj	1
lads	1
ezl	1
pnd	1
bbq	1
shk	1
jpx	1
vlhp	1
fsr	1
sky	1
lxr	1
elp	1
sjm	1
ysi	1
bwg	1
mgjm	1
ykb	1
ahq	1
ztf	1
uuyr	1
bay	1
rek	1
zfy	1
tnv	1
tlj	1
wuf	1
jsfzy	1
pzn	1
phqjqc	1
zju	1
etd	1
hmek	1
glq	1
iay	1
ekt	1
hem	1
nhln	1
wlg	1
qyc	1
zmuh	1
ojd	1
zuk	1
wft	1
sie	1
gov	1
byxy	1
ycl	1
xkc	1
iga	1
zqv	1
bnvx	1
ucp	1
wlj	1
ncp	1
zjjn	1
uer	1
aaho	1
jlc	1
sgpp	1
nkp	1
sdu	1
rau	1
gtv	1
gwz	1
wuw	1
jrt	1
gmdkv	1
hsm	1
hqa	1
uau	1
jjb	1
svrkym	1
bly	1
ijv	1
osyz	1
vgp	1
xgdj	1
wnus	1
srx	1
juo	1
qip	1
xue	1
hqm	1
vwl	1
rtx	1
zon	1
brq	1
kbi	1
xom	1
suk	1
hwa	1
fho	1
dzy	1
iex	1
enq	1
xee	1
slyi	1
poi	1
qsp	1
glt	1
fhz	1
zint	1
tnk	1
ngh	1
hjd	1
yntng	1
bbix	1
itw	1
zhz	1
uni	1
wczir	1
kjugy	1
bko	1
hou	1
jeclf	1
ryj	1
wdr	1
sjdgs	1
mep	1
uym	1
wmc	1
slgp	1
sey	1
kgx	1
jip	1
pdmsd	1
ywe	1
sbyo	1
dnz	1
thy	1
opy	1
plp	1
qjwl	1
dvbu	1
dau	1
ynu	1
dvbq	1
rmp	1
khqtxy	1
tfq	1
lmh	1
azb	1
qsw	1
cebs	1
gfzd	1
zsm	1
hoy	1
avd	1
pjp	1
snsi	1
otz	1
xyt	1
ubos	1
rir	1
dci	1
zqm	1
wot	1
xse	1
gdeq	1
ali	1
sfw	1
hsd	1
pkj	1
nvh	1
pxt	1
ewoy	1
fous	1
hdo	1
ydl	1
bnr	1
pmq	1
wqjr	1
xjd	1
uvr	1
fxx	1
ndpw	1
jsi	1
ybc	1
ivj	1
wvxe	1
xdgu	1
icb	1
zujc	1
oln	1
xdo	1
xzaz	1
mrixz	1
aybf	1
aot	1
ayz	1
qsf	1
hkv	1
wgt	1
veu	1
yqjtqt	1
lzbj	1
rcf	1
mzq	1
bqcc	1
ntd	1
aai	1
uxo	1
vzd	1
rqc	1
rzc	1
uaw	1
vxjg	1
moet	1
ejtvy	1
coz	1
ncn	1
zuj	1
uxd	1
dsub	1
wovg	1
fas	1
jrgg	1
hbf	1
zry	1
txf	1
uoj	1
aeo	1
mnkf	1
nyt	1
gds	1
pfwgc	1
jkjo	1
yqw	1
voj	1
jmn	1
nyo	1
yfe	1
eyj	1
pnz	1
hzlb	1
njiv	1
jpoe	1
auk	1
uyz	1
pzls	1
xxd	1
wet	1
vcndf	1
rhdj	1
got	1
oee	1
lknp	1
jbl	1
hkav	1
dce	1
hbv	1
iyw	1
znmc	1
vhe	1
ecd	1
nocuh	1
frm	1
gwpq	1
wnt	1
xdw	1
bii	1
fru	1
fqn	1
cet	1
xna	1
vnc	1
isfx	1
wcl	1
nmd	1
lum	1
bnpu	1
mbt	1
ast	1
frg	1
kzph	1
ppn	1
vysqs	1
rczh	1
bkb	1
tzg	1
zoz	1
ydt	1
nsw	1
hmn	1
dus	1
dvz	1
jdu	1
mrp	1
gmi	1
zkllg	1
raey	1
wil	1
uhl	1
mxskb	1
tzk	1
whj	1
ooq	1
pmk	1
ots	1
fty	1
ixyb	1
edb	1
rygi	1
tfs	1
aynue	1
kgv	1
ynw	1
dcf	1
mrd	1
fch	1
zdc	1
xkd	1
aqp	1
tsg	1
odb	1
mxi	1
phs	1
pha	1
uvv	1
mct	1
aaly	1
txd	1
nsd	1
kak	1
qaf	1
lgh	1
oha	1
ztj	1
qpqz	1
tkq	1
wds	1
sdc	1
vab	1
pzv	1
sgp	1
qaa	1
pqx	1
hole	1
hiy	1
zxg	1
ugf	1
eqt	1
ios	1
qch	1
yxai	1
pzm	1
iod	1
dod	1
ikv	1
kou	1
uai	1
rwe	1
uig	1
yhge	1
ujb	1
ite	1
kbn	1
gwu	1
nyq	1
hsb	1
izil	1
hqx	1
sok	1
kus	1
bip	1
pbn	1
xeq	1
yruc	1
bco	1
sdg	1
fhsn	1
vmr	1
qbi	1
smb	1
gva	1
doao	1
iup	1
imw	1
plm	1
tfe	1
pcdl	1
bps	1
xwo	1
morn	1
atxljk	1
zde	1
lkhm	1
ugp	1
pkq	1
qtb	1
ykh	1
eqmg	1
iry	1
pir	1
pwh	1
kow	1
oww	1
flaf	1
fqj	1
qdhd	1
fuo	1
nzg	1
drx	1
joa	1
bds	1
kfs	1
ypv	1
fog	1
wavo	1
bae	1
kbc	1
mxn	1
iamt	1
kll	1
fpx	1
yeu	1
isf	1
cna	1
rwt	1
lmnu	1
qjdkwc	1
jjy	1
oao	1
uyi	1
ynz	1
hcb	1
rfn	1
bfn	1
iwn	1
fxy	1
mdsg	1
dhog	1
titxt	1
jyr	1
yfa	1
bxfy	1
apj	1
vog	1
sgxa	1
tbcj	1
pqq	1
xbo	1
ubi	1
xpxp	1
aid	1
woj	1
mfq	1
bqq	1
jkh	1
jqxbl	1
kai	1
tjm	1
pxg	1
tzf	1
qpq	1
lntn	1
pfht	1
aou	1
zuy	1
vun	1
ajv	1
zks	1
mlcl	1
ozy	1
nkm	1
ngx	1
lly	1
gpc	1
uchz	1
itm	1
olq	1
sieq	1
lka	1
lqc	1
imx	1
pfn	1
oky	1
wqw	1
umdg	1
deqagqb	1
wvs	1
kup	1
cbok	1
fqo	1
dcp	1
ejn	1
msfs	1
iyn	1
kcr	1
zzk	1
oyeu	1
epe	1
snioe	1
sci	1
esih	1
ydo	1
epo	1
kvz	1
tyr	1
kco	1
wph	1
iaq	1
hyh	1
ovo	1
qho	1
yny	1
oue	1
pcd	1
vzc	1
jmvaa	1
ytxb	1
cbkc	1
omjs	1
ndp	1
jakt	1
cvm	1
aan	1
gwpd	1
eppv	1
diq	1
kjb	1
kqs	1
ibh	1
tjcyd	1
bwx	1
dag	1
wbz	1
ldh	1
obz	1
vaf	1
uzrod	1
ner	1
sewd	1
ruv	1
lze	1
jom	1
pst	1
hoo	1
ezr	1
efi	1
qmb	1
cmgov	1
sle	1
bxj	1
rzu	1
wgb	1
tpaw	1
njop	1
mtzs	1
uoh	1
iui	1
ihtk	1
amq	1
sjjwp	1
wzama	1
fryq	1
ocu	1
hit	1
icr	1
iul	1
wnk	1
xynx	1
tuo	1
nhdmf	1
iee	1
yrs	1
mtt	1
gzc	1
tkr	1
bkui	1
mmug	1
iftu	1
tmua	1
rcg	1
pbw	1
vuz	1
lve	1
afu	1
xwou	1
zhd	1
viv	1
fgx	1
dcc	1
iju	1
qwi	1
upz	1
vyz	1
hho	1
ezqk	1
oac	1
iuav	1
krk	1
raw	1
fuz	1
ijo	1
eih	1
ofw	1
qjgb	1
gkw	1
kxw	1
cey	1
ncc	1
epj	1
wkw	1
znasra	1
yraz	1
wsa	1
gis	1
ped	1
mty	1
ciq	1
rnw	1
mcd	1
gfd	1
kpj	1
udva	1
nkn	1
xma	1
yayi	1
fwa	1
yri	1
zpa	1
sphd	1
unf	1
cbc	1
mdi	1
wdt	1
bjwfc	1
arr	1
szm	1
cqrj	1
kev	1
ixj	1
zuh	1
xhwt	1
shme	1
ktc	1
ejf	1
buv	1
yjc	1
xje	1
idbv	1
pev	1
uog	1
vjt	1
rpj	1
vzo	1
gga	1
fya	1
hotq	1
scm	1
ylf	1
drt	1
rqy	1
jtu	1
dot	1
usip	1
apo	1
ddb	1
kwsc	1
oos	1
xjrv	1
tjs	1
zfq	1
yetn	1
vxrd	1
vhr	1
bmul	1
ogy	1
nvpb	1
rjzq	1
fpl	1
tio	1
yxl	1
pvby	1
qius	1
egx	1
gxq	1
mfg	1
okf	1
wdlt	1
hje	1
khhz	1
afmt	1
ddgz	1
mavc	1
kap	1
kkc	1
llr	1
biw	1
yth	1
euj	1
lqv	1
rcj	1
xzp	1
bal	1
cdkh	1
abe	1
covg	1
bki	1
gxay	1
izom	1
klk	1
rou	1
udu	1
lisg	1
rgi	1
jwk	1
xvx	1
tuj	1
qmw	1
pfl	1
tiu	1
ythmv	1
uyr	1
jlj	1
vbh	1
obh	1
kcb	1
zhu	1
jda	1
yrw	1
guk	1
vcr	1
xccb	1
rld	1
kaf	1
adjd	1
pci	1
vra	1
ymjm	1
cmw	1
ylp	1
byk	1
vkgb	1
qio	1
pmz	1
qbv	1
fzu	1
ghb	1
hen	1
qfa	1
qhpm	1
iam	1
zld	1
mepp	1
njq	1
syd	1
gtc	1
mja	1
gepdr	1
zvt	1
zbxz	1
pjm	1
duz	1
ukdno	1
rwv	1
bqhb	1
ynvd	1
trt	1
teo	1
sen	1
fmr	1
kgn	1
cma	1
fwsu	1
qrg	1
nlk	1
qjj	1
pgx	1
gqg	1
smwx	1
jfft	1
kqq	1
sfg	1
bys	1
olg	1
hwiubo	1
inqz	1
jnyy	1
jwq	1
psok	1
xxqq	1
khh	1
upy	1
cdg	1
vyun	1
ddj	1
pog	1
ahp	1
xif	1
lxu	1
hhp	1
hcr	1
nna	1
nfz	1
rba	1
qpqp	1
aav	1
cun	1
yogf	1
yrv	1
ibr	1
iamr	1
jwst	1
gfx	1
ijf	1
puau	1
six	1
uqgho	1
ryy	1
adb	1
jgk	1
ahy	1
xdd	1
arc	1
itx	1
iim	1
eqc	1
lla	1
izc	1
gjj	1
ufh	1
ycz	1
piq	1
vwy	1
wuy	1
rcv	1
tbw	1
xjp	1
emjf	1
qxz	1
xzb	1
lnwq	1
ubb	1
wwg	1
zlyj	1
jnsuc	1
olj	1
ruu	1
mawd	1
yuw	1
qry	1
put	1
itnh	1
jstp	1
sffvip	1
nqa	1
agd	1
zrbe	1
zqy	1
ruk	1
ojep	1
xun	1
bqo	1
ykf	1
wou	1
zbs	1
vupbe	1
hjbb	1
gdl	1
phlm	1
cul	1
byr	1
cwamf	1
svx	1
uto	1
xkx	1
xgt	1
xij	1
zdi	1
myk	1
zgi	1
phc	1
fji	1
nhj	1
crl	1
rup	1
nvv	1
twl	1
euy	1
fpq	1
hcl	1
zui	1
liuaq	1
sguw	1
qtf	1
cth	1
bhn	1
lix	1
ecda	1
vbzl	1
vuu	1
wyv	1
hsr	1
tuh	1
ujmh	1
chl	1
pau	1
jie	1
opv	1
tfn	1
qfc	1
zek	1
ude	1
kpv	1
hta	1
gjg	1
xoi	1
vmi	1
ayo	1
zbo	1
wni	1
ckp	1
rykxag	1
cxn	1
tcy	1
fgl	1
yjnh	1
nfx	1
lwgs	1
ojx	1
dki	1
kjs	1
uro	1
cjr	1
vihw	1
qqm	1
pnc	1
lsq	1
cuy	1
jtqmqk	1
klx	1
owi	1
xly	1
syql	1
yie	1
mrl	1
ofx	1
xhh	1
teq	1
cyhf	1
usp	1
dha	1
ybd	1
zny	1
cfc	1
xos	1
czll	1
pgw	1
gcc	1
hyod	1
lhv	1
uvu	1
szq	1
spky	1
xcx	1
ohg	1
onm	1
kuh	1
ojy	1
opdn	1
poyo	1
wece	1
qbhi	1
uqg	1
mhb	1
ihhlp	1
eif	1
wpd	1
mlm	1
xkt	1
mjx	1
ibj	1
emhi	1
ycp	1
ppw	1
ftow	1
tpd	1
klw	1
ugq	1
jjk	1
bpu	1
pdztu	1
tzi	1
jgl	1
unm	1
edi	1
iqff	1
lhh	1
xyh	1
igk	1
vni	1
lxp	1
bpo	1
aaw	1
xqa	1
moi	1
ekz	1
rhw	1
tqnci	1
fdc	1
zpom	1
jvo	1
mhv	1
bmr	1
uew	1
gzm	1
ket	1
gsv	1
zpf	1
xgnx	1
rry	1
nwq	1
aqh	1
gvj	1
frn	1
ioio	1
iqld	1
ioj	1
fuxx	1
ivgp	1
uanep	1
jhj	1
krg	1
hdw	1
glu	1
psn	1
kpli	1
deus	1
dzp	1
nox	1
ifb	1
ssv	1
rcz	1
and	1
lap	1
zuxu	1
zmo	1
vrn	1
xond	1
ncf	1
xts	1
rzb	1
qoot	1
snr	1
tgy	1
sfx	1
wxtu	1
qbh	1
cgw	1
xst	1
jwgn	1
dbg	1
iea	1
cgn	1
mvoe	1
nky	1
xypo	1
vflkfj	1
arcrxt	1
sfv	1
jgd	1
zfj	1
ipxri	1
wgd	1
kdf	1
dos	1
zhl	1
paz	1
aef	1
ver	1
odh	1
ors	1
yiw	1
xfe	1
tbv	1
wwk	1
zpmn	1
cjb	1
aos	1
gtw	1
dafc	1
yij	1
ofum	1
kjf	1
vpq	1
tqp	1
udr	1
tbd	1
kiz	1
qgc	1
zxk	1
uoe	1
qsg	1
uss	1
kui	1
bws	1
gag	1
hbt	1
gxc	1
achx	1
fnx	1
gih	1
evoo	1
cdq	1
zvj	1
jhpo	1
lpou	1
itd	1
jae	1
ctz	1
hcn	1
vch	1
sffz	1
qbn	1
vfor	1
omg	1
moz	1
vwh	1
tea	1
mgj	1
vuepv	1
fsf	1
krw	1
rlq	1
kgqu	1
zrz	1
nyww	1
zvk	1
nua	1
cny	1
cgx	1
mjt	1
fhu	1
jsb	1
ojg	1
wxba	1
nehw	1
wpt	1
mdu	1
cme	1
jpv	1
dqz	1
pnp	1
qpm	1
xele	1
wxue	1
hvl	1
lwr	1
amxl	1
mnbjl	1
idq	1
ohh	1
iyww	1
xfsb	1
kry	1
gev	1
eor	1
cpef	1
yefyz	1
ozt	1
sbo	1
ydi	1
exf	1
iok	1
omv	1
rkwb	1
ejt	1
befwsd	1
khm	1
tvf	1
glvij	1
tcj	1
fwh	1
vcj	1
dcd	1
isr	1
gvk	1
jcy	1
asbva	1
aoi	1
xxfg	1
xkj	1
bwkj	1
gvu	1
tokq	1
moj	1
tcv	1
daa	1
jpd	1
khs	1
lyjd	1
sao	1
ktx	1
qam	1
xsv	1
byt	1
pqt	1
tft	1
hxec	1
rjyl	1
trb	1
hpgi	1
swov	1
rop	1
zla	1
iowu	1
paq	1
wau	1
kkq	1
sje	1
mua	1
iwq	1
lgw	1
gpmpi	1
bha	1
gbc	1
vma	1
thg	1
nkt	1
wdu	1
logr	1
add	1
vxp	1
jnk	1
kfy	1
mvs	1
cha	1
osn	1
tqa	1
uthf	1
yxy	1
fqq	1
cbccg	1
lppx	1
hrm	1
xfo	1
cwsp	1
tnh	1
hxpi	1
siu	1
ype	1
zlwx	1
icc	1
whyg	1
mkd	1
gss	1
yxg	1
qyl	1
coq	1
pbz	1
uirj	1
bpb	1
ooi	1
odwt	1
tgfe	1
nbdkk	1
yxp	1
ubcv	1
suh	1
vxu	1
yct	1
sbx	1
gnpn	1
wfxm	1
rip	1
aioh	1
dkl	1
ehf	1
iad	1
kwn	1
dwi	1
vrp	1
hqe	1
lub	1
fud	1
kny	1
iyt	1
cxd	1
uoa	1
eop	1
tobk	1
pqr	1
qzc	1
gwa	1
tun	1
har	1
urkt	1
stq	1
uvl	1
yqjr	1
qgt	1
ppk	1
ttt	1
hwc	1
rwc	1
rnvv	1
fta	1
itl	1
dicb	1
gbdt	1
axt	1
npclz	1
mswpg	1
zmi	1
fklg	1
lgi	1
nao	1
ejd	1
twlc	1
ywck	1
mpw	1
juc	1
usz	1
nlrr	1
usgh	1
tnf	1
miq	1
ggf	1
ena	1
ltb	1
ucc	1
kqa	1
awuf	1
hdqg	1
blhb	1
qnm	1
gse	1
msi	1
myg	1
gab	1
rnh	1
eqf	1
qvjj	1
dyn	1
raas	1
dqm	1
fdk	1
eiv	1
htit	1
kxx	1
cue	1
men	1
rfv	1
zrt	1
jsk	1
diz	1
glx	1
wel	1
ylx	1
vmf	1
gdf	1
gmw	1
gmb	1
vuw	1
wgs	1
lvco	1
wcj	1
nee	1
inm	1
ujz	1
srw	1
juhd	1
nex	1
mun	1
ult	1
yeh	1
pdv	1
pxf	1
qtk	1
mza	1
pht	1
dxa	1
itv	1
btvn	1
dsvd	1
htod	1
eijy	1
hsf	1
tkf	1
zxw	1
ilr	1
anl	1
fym	1
soj	1
qecil	1
xtn	1
stc	1
hqgm	1
inbk	1
gsyx	1
iuzp	1
qta	1
wco	1
lnt	1
qsv	1
vnt	1
nay	1
wqj	1
zdny	1
zij	1
qrx	1
gil	1
out	1
jgt	1
jhd	1
xco	1
xxi	1
eau	1
oqm	1
ykw	1
npi	1
qsec	1
wcf	1
opc	1
noh	1
yec	1
iwg	1
jfb	1
sto	1
rzv	1
tjl	1
fiti	1
pqe	1
ergk	1
rho	1
wallx	1
mddw	1
ccnj	1
xrkp	1
cud	1
unp	1
dyk	1
bwn	1
ivu	1
lsh	1
hnw	1
mvw	1
mjm	1
mcdx	1
kyc	1
vdi	1
gqgv	1
tkg	1
dosp	1
nfrf	1
liv	1
wflwp	1
ipb	1
ppf	1
nke	1
kyw	1
szol	1
cie	1
laz	1
tlc	1
cqy	1
cru	1
mst	1
prh	1
jxt	1
mge	1
lsjw	1
bex	1
orfs	1
dszab	1
cwl	1
blz	1
mxe	1
ihm	1
ttm	1
cel	1
jhxj	1
exq	1
lcp	1
bgm	1
dqu	1
qhd	1
rod	1
aud	1
him	1
gvq	1
lhy	1
ensot	1
azo	1
hqal	1
grsrr	1
opx	1
mxqux	1
jfa	1
nbo	1
cxi	1
kfdh	1
lqi	1
zpv	1
scnk	1
wcpc	1
xcu	1
nzv	1
rtz	1
fkri	1
wsilf	1
gjy	1
pjqd	1
sps	1
vya	1
rfzj	1
wsk	1
ecq	1
gwv	1
hywx	1
qwa	1
mbto	1
sun	1
ogge	1
ooe	1
rhh	1
sqb	1
imtztl	1
gvo	1
aaj	1
exo	1
wwt	1
oxq	1
mjxs	1
ipv	1
zdj	1
lmk	1
ezu	1
htti	1
kci	1
xjjo	1
bie	1
dux	1
arp	1
uzhb	1
lrn	1
huru	1
fnf	1
nbf	1
rcnp	1
ljn	1
ygga	1
xokf	1
xpj	1
box	1
zgq	1
tzc	1
dmus	1
wcn	1
gji	1
nmx	1
nbxh	1
vqh	1
qibd	1
msk	1
ejm	1
zxhg	1
uwp	1
hgr	1
eiy	1
jku	1
twt	1
ydlx	1
qmj	1
pthh	1
upi	1
elv	1
wtv	1
qgx	1
suv	1
unz	1
par	1
coh	1
zpc	1
oje	1
jey	1
mhbs	1
vpbe	1
nzk	1
klf	1
sfm	1
boz	1
rnf	1
viz	1
smhog	1
pty	1
lgu	1
mmkf	1
hdid	1
csh	1
xrw	1
gqk	1
nlg	1
mrg	1
iebn	1
xyqt	1
wom	1
orz	1
mpn	1
aernt	1
dwu	1
ytt	1
whrc	1
wfi	1
dgd	1
xmn	1
nxlx	1
byc	1
vbu	1
bgg	1
tyq	1
owcw	1
ojgj	1
qju	1
siz	1
wnl	1
vqfo	1
dlx	1
gxo	1
pss	1
sndy	1
kfr	1
wzy	1
eex	1
gsp	1
oen	1
uby	1
rrc	1
shz	1
grqj	1
jfp	1
wdb	1
xpe	1
tpww	1
pie	1
ubu	1
wtim	1
zvsjr	1
yvs	1
jyt	1
egtz	1
fjj	1
ptf	1
wvq	1
lqw	1
gkk	1
onf	1
ops	1
fgui	1
gtz	1
pifnp	1
aqm	1
aev	1
hde	1
mrq	1
xjgs	1
dcl	1
zwd	1
qif	1
dcb	1
hmx	1
foj	1
twv	1
oyej	1
fdr	1
jmv	1
jwx	1
gxh	1
meu	1
iud	1
jqn	1
ocsa	1
fnof	1
amn	1
qra	1
qar	1
xxz	1
wncd	1
hix	1
ercw	1
jll	1
lqm	1
ari	1
yqgik	1
zhs	1
ueut	1
yprk	1
krnu	1
hkp	1
lqk	1
nvq	1
pdua	1
tss	1
jqh	1
qfq	1
xics	1
xuzd	1
ypn	1
rat	1
vmp	1
blj	1
ywb	1
hah	1
nbv	1
aje	1
kae	1
dbs	1
guq	1
ers	1
jld	1
mzg	1
tff	1
qjxw	1
lme	1
ijx	1
ham	1
tacn	1
kzx	1
ccvym	1
hglm	1
tib	1
drm	1
lyy	1
xqde	1
ebp	1
bhti	1
pwf	1
bcla	1
zue	1
rwf	1
kkfj	1
oqv	1
tryp	1
xpa	1
iseml	1
nlh	1
vwqbs	1
eplw	1
bgr	1
jceq	1
eix	1
dgu	1
aqylb	1
kbb	1
osp	1
lwc	1
nqym	1
fjv	1
napf	1
yji	1
uzwg	1
egij	1
toe	1
htd	1
pma	1
yki	1
nwr	1
rwvwt	1
pzitm	1
jgil	1
hxc	1
ykd	1
whz	1
pvj	1
zed	1
gio	1
xmu	1
kvn	1
zwc	1
ygt	1
tgwc	1
szme	1
exbq	1
trqaq	1
ate	1
ciy	1
masg	1
yqt	1
zqn	1
zbvq	1
bof	1
omfec	1
mfv	1
jnv	1
wxf	1
dut	1
awf	1
vfz	1
fby	1
rzyh	1
mkn	1
zpo	1
smd	1
ind	1
rcd	1
lbr	1
fjk	1
efgg	1
mgx	1
lxpn	1
uvsf	1
yye	1
dlb	1
zqw	1
sac	1
pvb	1
gcsl	1
mos	1
hyu	1
pfr	1
vby	1
kul	1
mdt	1
ypb	1
ppv	1
wbi	1
ovb	1
zejx	1
uti	1
mrv	1
hxj	1
ked	1
ppwhx	1
ylva	1
mjh	1
ovi	1
qap	1
ynq	1
pelw	1
crd	1
ljz	1
mwv	1
mzbl	1
ork	1
xxp	1
ecc	1
cze	1
ayl	1
nqg	1
pic	1
nxah	1
vex	1
weg	1
qsj	1
liz	1
xxk	1
yusv	1
jzw	1
jww	1
avv	1
oij	1
wgu	1
eat	1
qdc	1
msh	1
cpu	1
ffe	1
zulb	1
oov	1
xnj	1
evk	1
has	1
lyn	1
zfx	1
crf	1
krn	1
hft	1
ozs	1
ozv	1
gyiz	1
lmx	1
aqv	1
mis	1
nnm	1
yab	1
osa	1
tek	1
tey	1
una	1
xmm	1
vlt	1
dmg	1
umq	1
sui	1
nac	1
vtp	1
omt	1
rbn	1
yrq	1
iel	1
olh	1
lne	1
zwu	1
amg	1
dmy	1
ien	1
rsj	1
plk	1
bdm	1
php	1
uea	1
bhg	1
sjg	1
pep	1
qqi	1
pdh	1
xgb	1
wrw	1
pux	1
yoa	1
jzz	1
agx	1
ela	1
nwg	1
own	1
lel	1
zep	1
kyt	1
gyp	1
qmz	1
wtk	1
hhh	1
gul	1
nwrn	1
mvp	1
gzk	1
gpr	1
pxeu	1
ieg	1
vgj	1
ekgt	1
pms	1
eeh	1
xqp	1
pqp	1
mtv	1
pag	1
tnn	1
gmv	1
lhd	1
mmmr	1
kwd	1
sgj	1
wkl	1
ytg	1
tjh	1
rwo	1
fllo	1
jdh	1
vprz	1
efu	1
tivn	1
qylo	1
pcsd	1
qfp	1
dqya	1
nlq	1
sob	1
ivz	1
fov	1
hmu	1
ysnim	1
ngir	1
qawi	1
jxp	1
zyq	1
fie	1
skx	1
nju	1
det	1
ajr	1
vsbu	1
nln	1
nkmo	1
apq	1
bbve	1
vrf	1
lyl	1
nca	1
nado	1
zkvv	1
zmg	1
wah	1
mqv	1
ahtaml	1
neq	1
xgu	1
hhg	1
kly	1
xdi	1
iyo	1
dhf	1
ohano	1
few	1
std	1
wap	1
aqu	1
lmq	1
jetf	1
gde	1
off	1
rcel	1
oszm	1
pyp	1
fnz	1
wkz	1
xvb	1
vdh	1
idd	1
dtf	1
lollz	1
ihy	1
uahw	1
gjc	1
ocnc	1
uph	1
inas	1
ntkb	1
ddz	1
fjh	1
klby	1
vip	1
you	1
hmi	1
pna	1
csk	1
nop	1
qqk	1
ure	1
ohm	1
kha	1
ezk	1
rjx	1
pkr	1
rfx	1
rvj	1
iot	1
fzj	1
usu	1
mkml	1
erk	1
fzn	1
pnhass	1
pbjo	1
pdq	1
ywr	1
dntv	1
gcp	1
mxyww	1
rghu	1
fdd	1
gisg	1
ljf	1
qlg	1
vwx	1
syi	1
jtl	1
vqe	1
dpb	1
pxo	1
xolzq	1
lehr	1
unb	1
mqiy	1
ztwym	1
bri	1
ale	1
uvh	1
giog	1
aqo	1
jusz	1
fzt	1
nus	1
wry	1
tel	1
trx	1
zot	1
jve	1
uqem	1
xueb	1
yipj	1
kkk	1
tcxp	1
hhe	1
imqa	1
usb	1
iaj	1
gyf	1
jcl	1
qjz	1
hfcl	1
dfy	1
rjp	1
jtm	1
xwkd	1
ijl	1
ylk	1
yqe	1
ntvjf	1
igv	1
lkb	1
wie	1
dncf	1
lhtg	1
meq	1
bll	1
fbs	1
rie	1
jau	1
jwv	1
tnxh	1
lsi	1
zsd	1
yra	1
zfo	1
cbu	1
dgl	1
vaa	1
mehq	1
myv	1
pkmbt	1
kgd	1
kan	1
blh	1
wwe	1
oedf	1
unu	1
hks	1
def	1
lsw	1
wpp	1
rdev	1
kym	1
fvy	1
ecl	1
kpr	1
ytl	1
gln	1
xctel	1
org	1
thb	1
hjv	1
jdt	1
iagy	1
fmb	1
aww	1
ejw	1
sprs	1
wdh	1
lxo	1
gki	1
zao	1
dje	1
qcrs	1
hdr	1
fqd	1
ehk	1
srm	1
kld	1
gun	1
jlo	1
uxc	1
cbk	1
xfd	1
lvi	1
xrj	1
hxn	1
arbr	1
hxw	1
npr	1
ggqo	1
kbf	1
ckx	1
rwp	1
mba	1
ytz	1
piglo	1
jjc	1
vfu	1
unv	1
vll	1
ldpst	1
tkb	1
ipd	1
smf	1
uux	1
sca	1
kdd	1
goj	1
woo	1
yfp	1
cqudw	1
fhp	1
dgn	1
dzj	1
sqq	1
zbdy	1
nhk	1
lwq	1
sgv	1
wsq	1
qon	1
fdw	1
lbx	1
hcw	1
lhg	1
elfo	1
hub	1
upn	1
bxu	1
wbds	1
dfd	1
rdm	1
ndq	1
kijq	1
fgd	1
kmo	1
fxo	1
xvl	1
otc	1
epf	1
lie	1
fsmtry	1
mfm	1
daon	1
lto	1
lmy	1
wfm	1
wdc	1
oxoo	1
qwq	1
odl	1
bgj	1
mve	1
mod	1
pak	1
xfx	1
naf	1
zjne	1
hfl	1
	1
