node	933
expect	913
if	853
int	836
return	798
static	731
a	721
void	657
tok	572
s	554
b	525
char	512
x	477
ty	475
case	461
r	454
i	451
v	372
c	371
p	333
t	317
kind	299
type	285
token	240
define	220
emit	218
vector	211
include	206
the	199
struct	194
h	184
for	183
y	181
else	179
break	179
sizeof	165
d	163
m	155
name	146
size	145
u	142
file	140
f	132
bool	126
off	119
expect_string	119
len	114
error	113
null	100
vec_push	95
vec_len	94
long	94
rax	94
end	92
is	91
l	91
n	87
errort	84
endif	84
rui	81
copyright	80
ueyama	80
released	80
under	80
mit	80
license	80
to	78
operand	78
val	76
line	73
buf_printf	72
float	72
body	71
next_token	71
args	70
buf	70
false	69
label	68
save	68
true	67
of	67
expectf	67
sval	64
is_keyword	64
goto	64
continue	63
macro	63
next	63
tag	62
abc	62
switch	61
expected	59
but	59
vec_get	58
test	58
peek	58
got	57
buffer	55
align	54
map	53
print	52
conv	52
make_vector	51
list	51
default	51
op	50
params	50
dict	49
key	49
mov	49
vec	48
ap	47
function	47
double	47
emit_expr	47
assert_int	47
fieldtype	46
testmain	46
cond	45
z	45
hash	44
ptr	43
get	43
rcx	43
typedef	42
expr	42
assert	42
inits	42
fmt	41
set	41
enc	41
__	41
or	41
acc	41
string	40
strcmp	40
tokens	40
var	40
while	38
left	38
tmpl	37
fields	37
filename	36
readc	36
xmm	36
unsigned	36
stringify	36
format	35
arg	35
e	35
totype	35
struc	35
buf_write	34
id	34
right	34
and	33
err	33
rsp	33
in	32
unget_token	32
map_put	32
type_int	32
extern	32
this	31
map_get	31
path	31
are	31
not	30
pos	30
k	30
lex	29
tident	29
_t	29
g	29
beg	29
localenv	28
make_ast	28
short	27
field	27
push	27
__line__	26
rune	26
be	25
as	25
ifdef	25
fname	25
rbp	25
offset	25
make_label	25
sclass	25
fp	24
bitoff	24
make_keyword	24
expectd	24
test_if	24
includeguard	24
cc	23
make_buffer	23
buf_body	23
q	23
enum	23
that	23
we	23
from	23
then	23
els	23
addr	23
eof	23
uint	23
pointer	23
fmtint	23
malloc	22
hideset	22
param	22
eval_intexpr	22
union	22
base	22
def	22
ll	22
tstring	21
ifndef	21
str	21
column	21
designated	21
basety	21
space	20
an	20
last	20
undef	20
ci	20
kind_ptr	20
binop_to_string	20
ival	20
ast_lvar	20
pop	20
xyz	20
__file__	19
bitsize	19
depth	19
binop	19
character	18
empty	18
one	18
kind_float	18
init	18
ast_gvar	18
va_list	17
tnewline	17
vec_tail	17
guard	17
source	17
kind_bool	17
kind_double	17
kind_array	17
ast_conv	17
by	17
eax	17
is_inttype	17
printf	17
cc__	17
parameter	16
internal	16
usig	16
kind_struct	16
is_struct	16
files	16
invalid	16
stackpos	16
is_flotype	16
cases	16
is_type	16
ast_binop	16
ul	16
macros	15
newline	15
gnu	15
set_has	15
std	15
keyword	15
kind_char	15
rettype	15
declvar	15
unreadc	15
al	15
data	15
reg	15
glabel	15
j	15
usertype	15
tf	15
std_include_path	14
with	14
reads	14
fval	14
emit_label	14
newlabel	14
array	14
read_cast_expr	14
ast_inttype	14
oldstyle	14
is_arithtype	14
alignof	14
_generic	14
offsetof	14
stdlib	13
va_end	13
once	13
ctx	13
bol	13
identifier	13
vec_pop	13
__va_args__	13
at	13
pair	13
cc_include_guard	13
fullpath	13
unknown	13
do	13
kind_int	13
kind_long	13
kind_llong	13
kind_func	13
initoff	13
ast_struct_ref	13
sub	13
movl	13
w	13
make_ptr_type	13
ast_uop	13
declaration	13
sig	13
src	13
_h	13
fail	13
fmtdbl	13
va_start	12
tnumber	12
value	12
teof	12
enc_none	12
import	12
tkeyword	12
input	12
toplevels	12
kind_short	12
keys	12
varname	12
ast_compound_stmt	12
ast_deref	12
utf	12
exit	12
code	12
localvars	12
read_rep	12
mask	12
read_assignment_expr	12
assert_string	12
ab	12
signed	12
_exp	12
va_arg	12
nalloc	11
buf_len	11
vec_head	11
no	11
it	11
_	11
kind_ldouble	11
dict_get	11
ast_if	11
retval	11
enc_char	11
fileno	11
types	11
emit_noindent	11
ld	11
integer	11
type_void	11
basetype	11
ast_dest	11
lhs	11
rhs	11
ull	11
ptrtest	11
calloc	10
is_ident	10
expect_newline	10
set_add	10
loop	10
current_file	10
make_token_pushback	10
define_special_macro	10
intptr_t	10
lvarinit	10
ast_funcdesg	10
ast_decl	10
stmts	10
op_le	10
add	10
loff	10
lu	10
quad	10
sourceloc	10
func	10
errorp	10
o	10
parent	10
nelem	10
read_stmt	10
read_declarator	10
ast_jump	10
paramtypes	10
vars	10
functype	10
index	10
plus	10
init_size	9
empty_map	9
include_guard	9
cond_incl_stack	9
nargs	9
is_varg	9
functions	9
number	9
subst	9
start	9
defined	9
stray	9
elif	9
header	9
dict_keys	9
ast_literal	9
ast_init	9
initval	9
ast_addr	9
write	9
st	9
outputfp	9
lea	9
rip	9
operator	9
flabel	9
floats	9
fptr	9
global	9
buffers	9
only	9
defaultcase	9
lbreak	9
make_numtype	9
expression	9
read_intexpr	9
strcasecmp	9
returning	9
zero	9
typeof	9
expectl	9
newsize	8
written	8
time	8
empty_vector	8
condincl	8
fn	8
position	8
copy_token	8
read_ident	8
slen	8
sequence	8
cannot	8
after	8
read	8
pragma	8
strlen	8
literal	8
initializer	8
dict_put	8
uop_to_string	8
ast_goto	8
declinit	8
ast_ternary	8
op_sal	8
op_sar	8
op_logand	8
op_eq	8
fprintf	8
sys	8
failed	8
rdi	8
emit_addr	8
const	8
ints	8
ftype	8
movaps	8
get_pos	8
asmfile	8
optarg	8
read_cast_type	8
has_brace	8
_alignas	8
kunsigned	8
orig	8
stdbool	8
externvar	8
local_static	8
test_struct	8
unistd	7
wastrue	7
read_expand	7
argument	7
you	7
has	7
does	7
khashhash	7
read_expand_newline	7
make_map	7
should	7
pp	7
read_expr	7
all	7
first	7
can	7
premature	7
enable_warning	7
read_token	7
do_ty	7
ast_label	7
ast_funcall	7
ast_funcptr_call	7
ast_return	7
op_shr	7
op_ne	7
strings	7
errno	7
stat	7
push_xmm	7
aligned	7
movb	7
variable	7
lines	7
rest	7
ireg	7
nints	7
nfloats	7
isstatic	7
definition	7
make_token	7
allowed	7
outfile	7
bit	7
make_map_parent	7
size_t	7
type_char	7
type_uint	7
make_array_type	7
read_declarator_tail	7
make_func_type	7
defaultexpr	7
compute_padding	7
unnamed	7
maxsize	7
rsize	7
style	7
_alignof	7
klong	7
statement	7
memcmp	7
booltest	7
printfail	7
stdarg	6
avail	6
quote_cstring	6
tmacro_param	6
level	6
don	6
set_union	6
vec_reverse	6
_param	6
set_intersection	6
kellipsis	6
count	6
so	6
warnt	6
special	6
regular	6
try_include	6
dir	6
isimport	6
stream_push	6
strdup	6
decorate_int	6
kind_void	6
make_dict	6
ast_func	6
op_logor	6
to_utf	6
stderr	6
stream	6
dumpstack	6
get_int_reg	6
movsd	6
pop_xmm	6
inst	6
ensure_lvar_init	6
isdouble	6
__builtin_reg_class	6
characters	6
escape	6
infile	6
cppdefs	6
usage	6
stdout	6
argc	6
argv	6
tombstone	6
max	6
tags	6
labels	6
gotos	6
lcontinue	6
type_long	6
type_ulong	6
read_decl_spec	6
read_expr_opt	6
read_comma_expr	6
make_type	6
have	6
is_same_struct	6
constant	6
paramtype	6
read_shift_expr	6
result	6
member	6
finish_bitfield	6
fieldname	6
two	6
ellipsis	6
kvoid	6
kdouble	6
stmt	6
assert_null	6
rev	6
test_basic	6
test_bool	6
test_float	6
test_array	6
foo	6
macro_	6
identity	6
cell	6
memcpy	5
specialmacrohandler	5
is_vararg	5
standard	5
using	5
peek_token	5
vec_append	5
skip_cond_incl	5
second	5
returns	5
valid	5
fopen	5
make_file	5
directive	5
used	5
them	5
preprocessor	5
counter	5
usr	5
local	5
make_file_string	5
_bool	5
do_node	5
op_cast	5
op_label_addr	5
enc_wchar	5
tchar	5
warning_is_error	5
errorf	5
warnf	5
backed	5
stdio	5
converted	5
buflen	5
regs	5
totalsize	5
do_emit_data	5
lx	5
emit_lload	5
setne	5
movzb	5
emit_comp	5
emit_load_convert	5
lastend	5
slabel	5
loc	5
__builtin_return_address	5
xreg	5
isptr	5
hasva	5
call	5
ast_computed_goto	5
localarea	5
different	5
delta	5
block	5
nest	5
on	5
read_number	5
extension	5
read_string	5
given	5
main	5
dumpast	5
dumpasm	5
perror	5
nused	5
recursive	5
alignment	5
will	5
source_loc	5
type_ushort	5
read_compound_stmt	5
read_unary_expr	5
read_decl	5
read_decl_init	5
read_boolean_expr	5
env	5
ast_floattype	5
ast_typedef	5
copy_type	5
ensure_lvalue	5
ensure_not_void	5
make_pair	5
wrap	5
fromtype	5
_static_assert	5
read_equality_expr	5
cop	5
flexible	5
idx	5
paramvars	5
kbool	5
kint	5
kfloat	5
kshort	5
dst	5
define_builtin	5
assert_true	5
do_make_vector	5
__va_elem	5
abcd	5
verify	5
bug	5
xp	5
msg	5
ctype	4
realloc_body	4
buf_append	4
aq	4
cpp	4
keywords	4
now	4
cpp_token_zero	4
in_else	4
make_obj_macro	4
read_directive	4
make_macro	4
make_macro_token	4
propagate_space	4
ident	4
token_buffer_stash	4
token_buffer_unstash	4
expanded	4
missing	4
map_len	4
map_remove	4
do_read_if	4
non	4
following	4
may	4
into	4
disable_warning	4
strftime	4
__timestamp__	4
get_base_file	4
inc	4
linux	4
__counter__	4
read_from_string	4
stream_stash	4
read_toplevels	4
emit_toplevel	4
stream_unstash	4
decl	4
op_ge	4
op_pre_inc	4
op_pre_dec	4
op_post_inc	4
op_post_dec	4
enc_utf	4
tinvalid	4
tspace	4
literals	4
byte	4
write_utf	4
vfprintf	4
token_pos	4
step	4
fclose	4
dumpsource	4
edx	4
numgp	4
numfp	4
source_files	4
emit_decl_init	4
regarea_size	4
ignore	4
col	4
movss	4
emit_lsave	4
emit_store	4
cmp	4
xor	4
least	4
emit_jmp	4
text	4
st_size	4
emit_args	4
restsize	4
ne	4
example	4
about	4
see	4
skip_space	4
lexer	4
basic	4
read_escaped_char	4
compiler	4
read_char	4
do_read_token	4
op_inc	4
status	4
close	4
cpponly	4
tmpfiles	4
dump	4
specified	4
make	4
must	4
pid	4
same	4
globalenv	4
current_func_type	4
type_bool	4
type_double	4
kind_enum	4
read_decl_or_stmt	4
isglobal	4
read_abstract_declarator	4
read_struct_field	4
read_initializer_list	4
read_conditional_expr	4
s_static	4
decl_body	4
ensure_inttype	4
arithmetic	4
ka	4
desg	4
contexpr	4
read_multiplicative_expr	4
bitfield	4
maybe_skip_comma	4
read_initializer_elem	4
rname	4
kchar	4
skip_parentheses	4
set_jump_labels	4
brk	4
obreak	4
restore_jump_labels	4
duplicate	4
read_label_tail	4
voidptr	4
two_voidptrs	4
cwd	4
copy	4
noreturn	4
__stdc_utf_	4
__amd	4
__x	4
fffffffffffffp	4
stddef	4
test_constexpr	4
xffffffffu	4
test_return_address_sub	4
func_name	4
retfunc	4
uchar	4
test_string	4
test_typedef	4
ux	4
no_such_macro	4
minus	4
noarg	4
test_unsigned	4
vsnprintf	3
vformat	3
quote	3
quote_cstring_len	3
quote_char	3
document	3
cpp_token_one	3
macro_obj	3
macro_func	3
macro_special	3
make_func_macro	3
make_special_macro	3
define_obj_macro	3
vec_set	3
unterminated	3
within	3
whitespace	3
know	3
such	3
stringize	3
match	3
lex_string	3
glue_push	3
__va_arg__	3
unget_all	3
hashhash_check	3
appear	3
expansion	3
like	3
says	3
identifiers	3
read_constexpr	3
istrue	3
skips	3
warning	3
read_error_message	3
read_cpp_header_name	3
reading	3
read_header_file_name	3
read_include	3
find	3
doesn	3
parse_pragma_operand	3
is_digit_sequence	3
isdigit	3
original	3
information	3
mtime	3
stream_depth	3
add_include_path	3
__include_level__	3
init_now	3
cpp_init	3
llong	3
s_declinit	3
initlist	3
op_a_add	3
op_a_sub	3
op_a_mul	3
op_a_div	3
op_a_mod	3
op_a_and	3
op_a_or	3
op_a_xor	3
op_a_sal	3
op_a_sar	3
op_a_shr	3
encoding_prefix	3
read_rune	3
xf	3
xff	3
xe	3
print_error	3
isatty	3
either	3
done	3
removed	3
stashed	3
fstat	3
strerror	3
cl	3
ecx	3
source_lines	3
last_loc	3
emit_data	3
emitf	3
__func__	3
set_output_file	3
close_output_file	3
ax	3
get_load_inst	3
rem	3
push_struct	3
movq	3
maybe_emit_bitshift_load	3
maybe_emit_bitshift_save	3
emit_gload	3
maybe_convert_bool	3
emit_gsave	3
do_emit_assign_deref	3
emit_zero_filler	3
emit_assign_struct_ref	3
emit_load_struct_ref	3
ss	3
emit_ret	3
sete	3
emit_pre_inc_dec	3
emit_post_inc_dec	3
je	3
register	3
__builtin_va_start	3
vals	3
maybe_booleanize_retval	3
padding	3
emit_zero	3
diff	3
emit_data_primtype	3
phase	3
comment	3
just	3
more	3
some	3
eof_token	3
pos_string	3
skip_block_comment	3
lex_init	3
make_ident	3
make_char	3
skip_line	3
do_skip_space	3
numbers	3
flonum	3
strchr	3
nextoct	3
sequences	3
read_universal_char	3
universal	3
here	3
part	3
maybe_end	3
digraph	3
digraphs	3
spellings	3
op_dec	3
use	3
values	3
dontlink	3
exitcode	3
before	3
run	3
ast	3
stack	3
warnings	3
replace_suffix	3
suffix	3
tmp	3
opt	3
parse_init	3
do_make_map	3
found	3
when	3
representing	3
type_llong	3
type_ullong	3
type_float	3
type_ldouble	3
s_typedef	3
s_extern	3
decl_param	3
decl_param_typeonly	3
decl_cast	3
make_tempname	3
make_case	3
ast_string	3
make_rectype	3
is_string	3
get_typedef	3
conversion	3
designator	3
same_arith_type	3
usual	3
usual_arith_conv	3
ptrdiff_t	3
kb	3
ensure_assignable	3
eval_struct_ref	3
read_func_args	3
type_compatible	3
twice	3
read_static_assert	3
rtype	3
lastexpr	3
read_postfix_expr_tail	3
read_unary_incdec	3
address	3
unary	3
read_additive_expr	3
read_bitand_expr	3
read_bitxor_expr	3
read_bitor_expr	3
read_logand_expr	3
read_logor_expr	3
do_read_conditional_expr	3
squash_unnamed_struct	3
read_rectype_def	3
assign_string	3
maybe_read_brace	3
skip_to_brace	3
sort_inits	3
vec_body	3
elemsize	3
read_array_initializer	3
consider	3
parentheses	3
optional	3
prototyped	3
typeonly	3
read_declarator_func	3
beginning	3
would	3
stub	3
specifier	3
rsclass	3
kllong	3
ksigned	3
alignas	3
read_decl_spec_opt	3
funcname	3
is_funcdef	3
mid	3
clean	3
path_max	3
vec_copy	3
roundup	3
extend	3
newbody	3
elem	3
__sizeof_double__	3
__sizeof_float__	3
__sizeof_int__	3
__sizeof_long_double__	3
__sizeof_long_long__	3
__sizeof_long__	3
__sizeof_pointer__	3
__sizeof_ptrdiff_t__	3
__sizeof_short__	3
__sizeof_size_t__	3
flt_true_min	3
dbl_true_min	3
ldbl_true_min	3
gp_offset	3
fp_offset	3
reg_save_area	3
klass	3
__stdbool_h	3
_noreturn	3
test_return_address	3
td	3
mytype	3
test_funcdesg	3
schar	3
sc	3
uc	3
us	3
defaultint	3
ye	3
abcdefg	3
expects	3
bar	3
aa	3
de	3
test_primitives	3
inittest	3
ffail	3
fexpect	3
fexpect_string	3
fexpectf	3
fexpectd	3
fexpectl	3
auto	3
	2
va_copy	2
dave	2
prosser	2
preprocessing	2
com	2
pdf	2
libgen	2
locale	2
in_then	2
in_elif	2
condinclctx	2
macrotype	2
constructors	2
make_cond_incl	2
read_one_arg	2
readall	2
specifies	2
minor	2
do_read_args	2
in_ellipsis	2
read_args	2
containing	2
add_hide_set	2
glue_tokens	2
expand_all	2
otherwise	2
rparen	2
read_funclike_macro_params	2
read_funclike_macro_body	2
read_funclike_macro	2
read_obj_macro	2
read_define	2
read_undef	2
read_defined_op	2
read_intexpr_line	2
read_if	2
read_ifdef	2
read_ifndef	2
detect	2
read_else	2
read_elif	2
newlines	2
skip_newlines	2
read_endif	2
entire	2
skip	2
read_error	2
read_warning	2
join_paths	2
try	2
tokenizer	2
nor	2
form	2
guarded	2
read_include_next	2
include_next	2
feature	2
cur	2
read_pragma	2
read_line	2
atoi	2
flags	2
preserve	2
ignored	2
read_linemarker	2
unsupported	2
handle_date_macro	2
handle_time_macro	2
handle_timestamp_macro	2
current	2
localtime	2
handle_file_macro	2
handle_line_macro	2
handle_pragma_macro	2
_pragma	2
handle_base_file_macro	2
handle_counter_macro	2
handle_include_level_macro	2
init_keywords	2
init_predefined_macros	2
build_dir	2
__date__	2
__time__	2
__base_file__	2
time_t	2
timet	2
setlocale	2
lc_all	2
maybe_convert_keyword	2
small	2
min_cpp_token	2
nil	2
pre	2
post	2
prefixed	2
wchar_t	2
supposed	2
count_leading_ones	2
xc	2
xd	2
warn	2
stage	2
immediately	2
spec	2
requires	2
thus	2
st_mtime	2
close_file	2
readc_file	2
getc	2
readc_string	2
input_position	2
rsi	2
rdx	2
sregs	2
mregs	2
tab	2
pop_function	2
get_caller_list	2
emit_nostack	2
movsbq	2
movswq	2
shr	2
emit_intcast	2
emit_toint	2
si	2
emit_assign_deref	2
emit_pointer_arith	2
imul	2
emit_to_bool	2
ucomiss	2
ucomisd	2
usiginst	2
emit_binop_int_arith	2
emit_binop_float_arith	2
cvtsi	2
leave	2
emit_binop	2
emit_save_literal	2
emit_copy_struct	2
cmpinit	2
emit_fill_holes	2
initialized	2
qsort	2
isbitfield	2
set_reg_nums	2
emit_je	2
jmp	2
emit_literal	2
split	2
read_source_file	2
maybe_print_source_line	2
maybe_print_source_loc	2
emit_lvar	2
emit_gvar	2
emit_builtin_return_address	2
memory	2
emit_builtin_reg_class	2
emit_builtin_va_start	2
maybe_emit_builtin	2
classify_args	2
imax	2
xmax	2
save_arg_regs	2
restore_arg_regs	2
pop_int_args	2
pop_float_args	2
emit_func_call	2
opos	2
emit_decl	2
emit_conv	2
emit_deref	2
emit_ternary	2
emit_goto	2
emit_return	2
emit_compound_stmt	2
emit_logand	2
emit_logor	2
jne	2
emit_lognot	2
emit_bitand	2
emit_bitor	2
emit_bitnot	2
emit_cast	2
emit_comma	2
emit_assign	2
emit_label_addr	2
emit_computed_goto	2
emit_padding	2
emit_data_addr	2
emit_data_charptr	2
is_char_ptr	2
handle	2
emit_bss	2
emit_global_var	2
emit_regsave_area	2
push_func_params	2
emit_func_prologue	2
each	2
were	2
spaces	2
note	2
usually	2
space_token	2
newline_token	2
warnp	2
mark	2
ntok	2
make_strtok	2
make_number	2
make_invalid	2
iswhitespace	2
skipped	2
skip_char	2
skip_string	2
needs	2
even	2
however	2
compilers	2
until	2
matching	2
fast	2
grammar	2
point	2
octal	2
read_octal_char	2
read_hex_char	2
followed	2
hexadecimal	2
is_valid_ucn	2
ascii	2
escaped	2
their	2
trust	2
ken	2
http	2
isucs	2
starting	2
alternative	2
they	2
read_hash_digraph	2
op_arrow	2
buffer_empty	2
need	2
quoted	2
instead	2
temporarily	2
switches	2
again	2
assembly	2
fdump	2
output	2
nothing	2
moment	2
delete_temp_files	2
open_asmfile	2
mkstemps	2
parse_warnings_arg	2
parse_f_arg	2
parse_m_arg	2
parseopt	2
optind	2
preprocess	2
atexit	2
fork	2
maybe_rehash	2
map_get_nostack	2
parser	2
limits	2
largest	2
boundary	2
location	2
want	2
objects	2
scopes	2
these	2
type_short	2
type_uchar	2
type_enum	2
s_auto	2
s_register	2
mark_location	2
make_static_label	2
ast_static_lvar	2
ast_label_addr	2
has_varargs	2
make_stub_type	2
kind_stub	2
ensure_arithtype	2
copy_incomplete_type	2
istype	2
conversions	2
valid_pointer_binop	2
numeric	2
read_int_suffix	2
llu	2
read_int	2
strncasecmp	2
strtoul	2
int_max	2
read_float	2
isfloat	2
strpbrk	2
read_sizeof_operand_sub	2
read_sizeof_operand	2
read_alignof_operand	2
read_funcall	2
read_generic_list	2
kdefault	2
read_generic	2
read_var_or_func	2
get_compound_assign_op	2
read_stmt_expr	2
char_type	2
read_primary_expr	2
read_subscript_expr	2
read_postfix_expr	2
read_label_addr	2
read_unary_addr	2
read_unary_deref	2
read_unary_minus	2
read_unary_bitnot	2
read_unary_lognot	2
read_compound_literal	2
read_relational_expr	2
read_rectype_tag	2
read_bitsize	2
read_rectype_fields_sub	2
kstatic_assert	2
fix_rectype_flexible_member	2
update_struct_offset	2
its	2
never	2
room	2
update_union_offset	2
read_rectype_fields	2
declarations	2
read_struct_def	2
read_union_def	2
read_enum_def	2
handled	2
constval	2
comp_init	2
read_struct_initializer_sub	2
read_struct_initializer	2
read_array_initializer_sub	2
finish	2
arraytype	2
declarator	2
hard	2
parse	2
half	2
parses	2
read_func_param	2
adjusted	2
read_declarator_params	2
required	2
comma	2
un	2
read_declarator_params_oldstyle	2
read_func_param_list	2
parameters	2
read_declarator_array	2
skip_type_qualifiers	2
kconst	2
kvolatile	2
grouping	2
which	2
pass	2
read_typeof	2
is_poweroftwo	2
power	2
read_alignas	2
errcheck	2
read_static_local_var	2
read_oldstyle_param_args	2
update_oldstyle_param_type	2
read_oldstyle_param_type	2
param_types	2
read_func_body	2
__function__	2
closing	2
parenthesis	2
backfill_labels	2
read_funcdef	2
read_if_stmt	2
read_opt_decl_or_stmt	2
cont	2
ocontinue	2
read_for_stmt	2
read_while_stmt	2
read_do_stmt	2
kwhile	2
make_switch_jump	2
check_case_duplicates	2
set_switch_context	2
ocases	2
odefaultcase	2
restore_switch_context	2
read_switch_stmt	2
read_case_label	2
read_default_label	2
read_break_stmt	2
read_continue_stmt	2
read_return_stmt	2
read_goto_stmt	2
computed	2
read_label	2
concatenate_string	2
shortest	2
getcwd	2
containers	2
because	2
change	2
items	2
test_buf	2
test_list	2
test_map	2
insert	2
test_map_stack	2
test_dict	2
test_set	2
test_path	2
test_file	2
min_size	2
eightcc_h	2
stdnoreturn	2
back	2
compound	2
_lp	2
__elf__	2
__lp	2
__stdc_hosted__	2
__stdc_no_atomics__	2
__stdc_no_complex__	2
__stdc_no_threads__	2
__stdc_no_vla__	2
__stdc_version__	2
__stdc__	2
__gnu_linux__	2
__linux	2
__linux__	2
__unix	2
__unix__	2
__alignof__	2
inline	2
restrict	2
__typeof__	2
__stdfloat_h	2
decimal_dig	2
flt_eval_method	2
flt_radix	2
flt_rounds	2
flt_dig	2
flt_epsilon	2
flt_mant_dig	2
flt_max	2
fffffep	2
flt_max_	2
flt_max_exp	2
flt_min	2
flt_min_	2
flt_min_exp	2
dbl_dig	2
dbl_epsilon	2
dbl_mant_dig	2
dbl_max	2
dbl_max_	2
dbl_max_exp	2
dbl_min	2
dbl_min_	2
dbl_min_exp	2
ldbl_dig	2
ldbl_epsilon	2
ldbl_mant_dig	2
ldbl_max	2
ldbl_max_	2
ldbl_max_exp	2
ldbl_min	2
ldbl_min_	2
ldbl_min_exp	2
__iso	2
and_eq	2
bitand	2
bitor	2
compl	2
not_eq	2
or_eq	2
xor_eq	2
__stdalign_h	2
__alignof_is_defined	2
__stdarg_h	2
abi	2
__va_arg_gp	2
__va_arg_fp	2
__va_arg_mem	2
dest	2
__gnuc_va_list	2
__bool_true_false_are_defined	2
__stddef_h	2
max_align_t	2
__stdnoreturn_h	2
test_alignas	2
test_alignof	2
test_relative	2
test_inc_dec	2
test_ternary	2
test_unary	2
test_comma	2
test_or	2
test_and	2
test_not	2
test_xor	2
test_shift	2
operators	2
gcc	2
test_signedcast	2
test_unsignedcast	2
test_for	2
test_while	2
test_do	2
test_switch	2
test_goto	2
test_label	2
test_computed_goto	2
test_logor	2
many_ints	2
many_floats	2
mixed	2
func_ptr_call	2
sum	2
sure	2
test_arith	2
ushort	2
ulong	2
ullong	2
ldouble	2
test_default	2
intp	2
raise	2
verify_short	2
ze	2
qe	2
test_primitive	2
test_nested	2
test_array_designator	2
test_struct_designator	2
test_complex_designator	2
test_zero	2
test_excessive	2
iso	2
paste	2
bc	2
dollar	2
test_char	2
cd	2
test_mbstring	2
日本語	2
test_ucn	2
test_compound	2
get_timestamp	2
_file	2
stdbool_h_file	2
predefined	2
simple	2
cond_incl	2
const_expr	2
funclike	2
hash_hash	2
mkstr	2
in_between	2
join	2
glue	2
gnuext	2
no_declaration	2
subtract	2
compare	2
test_pointers	2
test_literals	2
test_arrays	2
test_vars	2
assign	2
arrow	2
incomplete	2
bitfield_basic	2
bitfield_mix	2
bitfield_union	2
bitfield_unnamed	2
bitfield_initializer	2
test_offsetof	2
flexible_member	2
empty_struct	2
lf	2
test_type	2
test_signed	2
test_storage_class	2
test_pointer	2
test_unusual_order	2
strtype	2
test_align	2
test_alt	2
test_sizeof	2
test_usual_conv	2
test_builtin	2
test_int	2
test_mix	2
test_va_list	2
import_h	2
once_h	2
isprint	1
implements	1
algorithm	1
described	1
https	1
github	1
wiki	1
algo	1
tm	1
utility	1
expander	1
considered	1
normal	1
why	1
detail	1
difference	1
observable	1
expand	1
remaining	1
replaced	1
prepare	1
appears	1
guards	1
remember	1
guarding	1
dirname	1
search	1
override	1
without	1
getting	1
infinite	1
inclusion	1
distinguish	1
outputs	1
linenum	1
describes	1
date	1
modification	1
takes	1
lib	1
localtime_r	1
public	1
intefaces	1
content	1
convenient	1
evaluating	1
snippet	1
contaiing	1
ldl	1
lldl	1
lv	1
gv	1
funcdesg	1
deref	1
defines	1
convert	1
uses	1
unprefixed	1
endcoding	1
continuation	1
xffff	1
ff	1
xdc	1
ucs	1
provides	1
processing	1
canonicalized	1
backslash	1
comforming	1
wouldn	1
needed	1
trigraphs	1
supported	1
design	1
ungetc	1
dil	1
sil	1
dl	1
edi	1
esi	1
__gnuc__	1
save_hook	1
__attribute__	1
unused	1
cleanup	1
replace	1
prints	1
out	1
cx	1
movslq	1
shl	1
movzbq	1
movzwq	1
cltq	1
cvttss	1
cvttsd	1
xorpd	1
sal	1
sar	1
div	1
cqto	1
idiv	1
addsd	1
addss	1
subsd	1
subss	1
mulsd	1
mulss	1
divsd	1
divss	1
sd	1
cvtps	1
pd	1
cvtpd	1
ps	1
ret	1
setl	1
setb	1
setle	1
setna	1
movw	1
unspecified	1
fread	1
jz	1
class	1
passing	1
sse	1
movzx	1
fall	1
through	1
how	1
lcomm	1
nop	1
translation	1
decomposed	1
treated	1
presence	1
recorded	1
follows	1
boolean	1
flag	1
relaxed	1
than	1
preprocesor	1
rejected	1
lexical	1
elements	1
stdin	1
open	1
including	1
comments	1
excluded	1
reality	1
most	1
tokenize	1
validate	1
contents	1
too	1
strict	1
integers	1
floating	1
distinguished	1
eepp	1
isalpha	1
isxdigit	1
dfff	1
reserved	1
surrogate	1
pairs	1
codepoint	1
range	1
xdfff	1
encode	1
exceptions	1
xa	1
respecitvely	1
interesting	1
magical	1
aspects	1
self	1
hosting	1
teach	1
themselves	1
tautology	1
real	1
codes	1
present	1
propagated	1
compiling	1
reflections	1
trusting	1
thompson	1
info	1
cm	1
bell	1
labs	1
who	1
html	1
isalnum	1
punctuation	1
useless	1
implement	1
compliance	1
xfd	1
wide	1
filenames	1
tokenization	1
treatment	1
still	1
context	1
interpreted	1
behavior	1
violation	1
layering	1
ideally	1
agnostic	1
higher	1
layers	1
exhausted	1
returned	1
unstash	1
called	1
restore	1
state	1
unconsumed	1
wait	1
preprocessed	1
predefine	1
stop	1
linker	1
undefine	1
stacktrace	1
fno	1
wall	1
enable	1
werror	1
errors	1
disable	1
help	1
unlink	1
basename	1
ccxxxxxx	1
option	1
getopt	1
ed	1
su	1
acd	1
gm	1
hw	1
setbuf	1
pid_t	1
execlp	1
execl	1
waitpid	1
implementation	1
table	1
fnv	1
stackable	1
searching	1
descendent	1
requirement	1
allocating	1
whose	1
max_align	1
min	1
various	1
did	1
many	1
variables	1
derived	1
typename	1
toplevel	1
predicates	1
checking	1
routines	1
lvalue	1
promotions	1
larger	1
arith	1
subtractions	1
comparisons	1
incompatible	1
fallthrough	1
decimal	1
uint_max	1
long_max	1
strtod	1
ee	1
arguments	1
unexpected	1
generic	1
selection	1
failure	1
undefined	1
assume	1
kgeneric	1
subscription	1
ksizeof	1
kalignof	1
omitting	1
middle	1
both	1
arithemtic	1
width	1
other	1
natural	1
among	1
members	1
accessed	1
shouldn	1
taken	1
account	1
calculating	1
anonymous	1
indicates	1
synonym	1
check	1
declared	1
excessive	1
malformed	1
desginated	1
exist	1
exceeds	1
bounds	1
syntax	1
humans	1
also	1
hand	1
parsers	1
meaning	1
between	1
delcarations	1
parsed	1
former	1
latter	1
possibly	1
nonexistent	1
ansi	1
having	1
actually	1
declartion	1
fixed	1
later	1
krestrict	1
declarators	1
follow	1
outside	1
far	1
dummy	1
object	1
something	1
combine	1
names	1
omits	1
few	1
examples	1
casting	1
there	1
ktypedef	1
kextern	1
kstatic	1
kauto	1
kregister	1
kinline	1
knoreturn	1
kstruct	1
kunion	1
kenum	1
kalignas	1
negative	1
effect	1
ktypeof	1
mismatch	1
assuming	1
idea	1
comes	1
definitions	1
kelse	1
compiled	1
expressions	1
region	1
correct	1
order	1
jump	1
statements	1
jumps	1
pointed	1
kif	1
kfor	1
kdo	1
kreturn	1
kswitch	1
kcase	1
kbreak	1
kcontinue	1
kgoto	1
compilation	1
unit	1
handling	1
adjacent	1
concatenated	1
concatenation	1
program	1
__builtin_va_arg	1
full	1
absolute	1
sets	1
store	1
unique	1
structure	1
functional	1
destructive	1
operation	1
guranteed	1
created	1
represents	1
designed	1
simplicity	1
mind	1
very	1
plan	1
lot	1
remove	1
passed	1
vectors	1
pointers	1
inttypes	1
unread	1
operations	1
modified	1
leading	1
counting	1
ast_default	1
op_sizeof	1
op_shl	1
op_a_shl	1
length	1
binary	1
ternary	1
reference	1
encoding	1
debug	1
gen	1
__stdc_iso_	1
__const__	1
__inline__	1
__restrict	1
__restrict__	1
__signed__	1
__volatile__	1
volatile	1
nearest	1
__alignas_is_defined	1
refer	1
www	1
org	1
documentation	1
overflow_arg_area	1
unimplemented	1
workaround	1
load	1
properly	1
stdalign	1
assignment	1
bitwise	1
depends	1
frame	1
layout	1
builtin	1
cast	1
comparison	1
constexpr	1
control	1
flow	1
stdint	1
interpret	1
fffffff	1
xffffffff	1
fffffffffffffff	1
xffffffffffffffff	1
strncmp	1
tests	1
conform	1
behave	1
corresponding	1
except	1
implies	1
spelling	1
replacing	1
intentionally	1
really	1
worth	1
complexity	1
correctly	1
ue	1
abcdef	1
ef	1
allows	1
日	1
tw	1
za	1
constants	1
xde	1
scope	1
incdec_struct	1
incdec	1
testing	1
fflush	1
mfailed	1
mok	1
ok	1
system	1
vsprintf	1
varargs	1
