the	8375
a	6471
of	4063
and	3421
to	2467
is	1877
in	1703
an	1491
for	1262
or	943
with	797
layer	744
by	729
are	725
on	695
first	695
second	603
that	565
as	559
which	553
from	539
at	511
be	499
one	477
having	427
invention	374
device	365
circuit	359
formed	345
method	342
surface	342
signal	329
1	324
includes	322
substrate	318
semiconductor	301
least	294
can	291
film	280
has	274
sub	266
2	254
between	247
provided	247
each	246
material	237
such	234
voltage	229
system	228
current	213
may	208
present	203
data	195
portion	191
output	189
3	183
comprising	182
also	181
power	180
comprises	180
light	178
electrode	178
plurality	177
sup	177
region	176
r	174
this	172
high	171
control	170
input	167
forming	167
process	164
type	162
than	161
connected	160
conductive	160
into	158
metal	157
when	156
used	151
through	150
said	149
using	147
wherein	146
contact	146
two	145
n	142
more	140
group	140
source	139
other	139
gate	139
including	137
unit	136
so	133
c	132
signals	131
compound	128
use	127
4	125
element	123
disclosed	123
provides	122
structure	121
composition	121
methods	119
form	119
line	118
value	118
silicon	118
sensor	117
relates	116
magnetic	115
acid	113
display	112
electrical	112
dielectric	111
layers	111
antenna	110
position	110
polymer	110
5	108
active	108
coupled	107
cell	107
thereof	106
apparatus	105
based	105
about	104
time	103
side	103
being	102
temperature	100
low	99
direction	99
chip	99
containing	99
insulating	97
motor	97
disposed	95
electric	95
further	94
within	93
member	93
it	92
compositions	92
phase	91
0	88
non	88
over	88
assembly	88
weight	88
b	87
not	87
transistor	87
end	86
gas	86
oxide	86
well	85
means	85
body	85
pattern	84
then	82
part	82
have	82
third	82
electrically	82
memory	81
frequency	80
predetermined	79
pressure	79
component	78
base	78
devices	78
resin	78
upper	77
integrated	77
include	76
compounds	76
provide	74
lower	74
sequence	73
different	73
10	73
detection	73
p	73
represents	73
same	72
field	72
preferably	72
another	71
area	71
i	71
sample	70
digital	69
d	69
amplifier	69
step	69
applied	68
inner	68
switch	68
core	68
6	68
selected	67
cells	67
vehicle	67
8	66
wafer	65
reference	64
during	64
electrodes	64
thus	64
less	63
number	63
components	63
beam	62
test	62
capable	61
under	61
producing	61
support	61
embodiment	61
elements	61
useful	60
section	60
conductor	60
processing	60
20	60
associated	60
stage	60
capacitor	60
opening	60
coating	60
optical	59
array	59
target	59
made	59
where	59
formula	59
substantially	58
state	58
parallel	58
heat	58
set	57
s	57
plate	57
thereby	57
drive	57
after	56
according	56
via	56
hydrogen	56
alkyl	56
object	55
portions	55
function	55
supply	55
pad	55
terminal	54
both	54
connection	54
generator	54
switching	54
emitting	54
resistance	54
agent	54
manufacturing	54
drain	54
ion	54
out	53
radiation	53
e	53
wire	53
lines	52
its	52
frame	52
chamber	52
three	51
order	51
level	51
arranged	51
these	51
without	51
analog	51
ring	51
mask	51
along	50
corresponding	50
receiving	50
their	50
clock	50
plasma	50
etching	50
like	49
top	49
transmission	49
relative	49
regions	49
nitride	49
described	48
produced	48
12	48
higher	48
transistors	48
electronic	47
user	47
location	47
g	47
respectively	47
outer	47
fuel	47
trench	47
organic	47
operating	46
pair	46
specific	46
response	46
case	46
adhesive	46
m	46
water	46
particles	46
treatment	46
protein	46
channel	45
rf	45
7	45
machine	45
controller	45
wiring	45
up	45
product	45
novel	45
gene	44
detecting	44
amino	44
example	44
generated	44
mounted	44
located	44
range	44
thin	44
above	43
communication	43
off	43
converter	43
front	43
carbon	43
either	42
obtained	42
parts	42
block	42
ions	42
catalyst	42
substituted	42
no	41
storage	41
circuits	41
providing	41
positioned	41
bottom	41
greater	41
flow	41
axis	41
stator	41
probe	40
liquid	40
configured	40
40	40
improved	40
multiple	40
detector	40
coil	40
ratio	40
cover	40
o	40
reaction	40
activity	39
information	39
driving	39
only	39
image	39
degree	39
produce	39
mixture	39
str1	39
making	38
path	38
desired	38
adjacent	38
hole	38
received	38
module	38
exposed	38
contains	38
presence	38
controlled	38
amount	38
surfaces	38
copper	38
magnet	38
mass	38
bond	38
glass	38
while	37
connecting	37
15	37
operation	37
any	37
various	37
single	37
controlling	37
speed	37
optionally	37
solid	37
excellent	36
subject	36
generating	36
wave	36
energy	36
bias	36
period	36
zone	36
if	36
logic	36
discharge	36
gap	36
steps	35
respective	35
extending	35
coupling	35
constant	35
panel	35
thermal	35
suitable	35
barrier	35
human	35
interconnect	35
x	35
pixel	35
heating	35
shaft	35
soybean	35
addition	34
bit	34
placed	34
back	34
together	34
reduced	34
external	34
possible	34
detected	34
arrangement	34
insulation	34
diffusion	34
materials	34
etch	34
resistant	34
laser	34
distance	33
configuration	33
been	33
potential	33
internal	33
particularly	33
electron	33
deposited	33
films	33
treating	33
encoding	32
conditions	32
mode	32
h	32
free	32
network	32
formation	32
battery	32
plug	32
conductors	32
thickness	32
point	31
radio	31
variable	31
receiver	31
angle	31
pulse	31
consisting	31
housing	31
groups	31
there	31
particular	31
charge	31
color	31
wt	31
interlayer	31
fiber	31
pharmaceutical	31
combination	30
reducing	30
reflective	30
head	30
gain	30
but	30
determined	30
change	30
sidewall	30
removed	30
oxygen	30
cultivar	30
measurement	29
generate	29
plane	29
14	29
length	29
solution	29
selectively	29
attached	29
13	29
directed	29
properties	29
rubber	29
around	28
dimensional	28
measuring	28
transmitter	28
characteristics	28
filter	28
adapted	28
increased	28
medium	28
processes	28
substrates	28
against	28
die	28
ground	28
removing	28
application	28
bonding	28
production	28
upon	27
performance	27
equal	27
noise	27
rotation	27
alarm	27
opposite	27
threshold	27
30	27
package	27
node	27
stop	27
preparation	27
rate	27
rotor	27
nucleic	27
proteins	27
determining	26
matrix	26
36	26
factor	26
band	26
multi	26
systems	26
face	26
width	26
circuitry	26
load	26
impurity	26
main	26
11	26
series	26
concentration	26
modified	26
conductivity	26
expression	26
isolated	26
stack	26
doped	26
reactor	26
molecular	26
sequences	26
transmitting	25
shaped	25
24	25
values	25
distribution	25
density	25
onto	25
video	25
common	25
ball	25
segment	25
100	25
defined	25
monitoring	25
air	25
pin	25
all	25
additional	25
related	25
torque	25
mechanism	25
products	25
average	25
fluid	25
silicide	25
anti	25
molecules	25
atoms	25
following	24
mechanical	24
movement	24
contacts	24
below	24
loop	24
amplitude	24
computer	24
error	24
media	24
positions	24
particle	24
mu	24
transparent	24
protection	24
intermediate	24
depth	24
cathode	24
etched	24
polymerization	24
polishing	24
screen	23
size	23
processor	23
determine	23
setting	23
polysilicon	23
times	23
manner	23
shield	23
forms	23
members	23
differential	23
adjustable	23
capacitance	23
isolation	23
preventing	23
y	23
membrane	23
cavity	23
sheet	23
anode	23
partially	23
floating	23
chemical	23
difference	22
preferred	22
cross	22
zero	22
sensing	22
capacitors	22
code	22
tool	22
therein	22
wires	22
host	22
port	22
down	22
condition	22
backing	22
access	22
covering	22
column	22
t	22
deposition	22
peptide	22
salt	22
inhibitors	22
polypeptide	21
new	21
l	21
32	21
driven	21
ends	21
rear	21
primary	21
protective	21
shape	21
conducting	21
fixed	21
reduce	21
strength	21
pre	21
serial	21
slave	21
auxiliary	21
coated	21
board	21
pads	21
embodiments	21
separated	21
diameter	21
alternatively	21
pull	21
complex	21
vessel	21
bearing	21
trenches	21
composite	21
cancer	21
atom	21
preparing	21
variety	20
smaller	20
place	20
printed	20
central	20
remote	20
points	20
transformer	20
molded	20
space	20
connector	20
applying	20
therefore	20
inside	20
interface	20
holes	20
effect	20
functional	20
moving	20
them	20
cap	20
groove	20
60	20
prior	20
fourth	20
general	20
edge	20
even	20
derived	20
winding	20
extends	20
limit	20
characterized	20
co	20
metallic	20
salts	20
disorders	20
alkoxy	20
aqueous	20
ester	20
copolymer	20
residue	20
crystal	19
scanning	19
vertical	19
spaced	19
measured	19
they	19
performing	19
compared	19
selection	19
conversion	19
read	19
mos	19
aspect	19
closed	19
thereon	19
changes	19
treated	19
tire	19
door	19
allows	19
alloy	19
large	19
rotary	19
dc	19
increase	19
v	19
ii	19
row	19
dummy	19
buried	19
outside	19
good	19
spacer	19
aliphatic	19
halogen	19
olefin	19
agents	19
gel	19
thereto	18
respect	18
inhibiting	18
pass	18
allow	18
electromagnetic	18
utilizing	18
residual	18
comprise	18
carrier	18
buffer	18
stages	18
delta	18
cost	18
stream	18
sensitive	18
result	18
q	18
simple	18
lead	18
excitation	18
hand	18
units	18
driver	18
toward	18
wound	18
50	18
amplification	18
alpha	18
parameter	18
normal	18
filled	18
leads	18
bar	18
aryl	18
coding	18
phenyl	18
solvent	18
curing	18
very	17
wide	17
technique	17
sampling	17
16	17
beams	17
therebetween	17
waveguide	17
combined	17
due	17
impedance	17
18	17
leakage	17
levels	17
vectors	17
applications	17
structures	17
slot	17
transfer	17
secondary	17
installed	17
blocks	17
21	17
terminals	17
way	17
areas	17
since	17
adjustment	17
programmable	17
electrostatic	17
transition	17
specimen	17
black	17
lamp	17
nitrogen	17
stacked	17
diseases	17
binding	16
larger	16
proximity	16
cut	16
plates	16
gps	16
testing	16
25	16
strip	16
plastic	16
subsequent	16
address	16
basis	16
whereby	16
operated	16
capacity	16
before	16
projection	16
sensors	16
edges	16
transponder	16
effective	16
prevent	16
independently	16
orientation	16
actuator	16
resulting	16
bulk	16
oscillator	16
envelope	16
hybrid	16
reading	16
need	16
continuous	16
introduced	16
fabrication	16
17	16
atomic	16
crossing	16
stability	16
9	16
engine	16
openings	16
plants	16
amine	16
halide	16
cleaning	16
silver	16
toner	16
id	15
specifically	15
tft	15
simultaneously	15
adding	15
casing	15
fabricated	15
equipment	15
aperture	15
performed	15
resonant	15
maximum	15
near	15
vector	15
receives	15
stored	15
generates	15
modulator	15
some	15
outputs	15
supplied	15
errors	15
ridge	15
supplying	15
mounting	15
fibers	15
infrared	15
uses	15
held	15
diode	15
until	15
covers	15
certain	15
accordance	15
imaging	15
relatively	15
small	15
prevented	15
force	15
comprised	15
reactive	15
emitter	15
characteristic	15
identifying	15
employed	15
extend	15
card	15
paper	15
rotational	15
shielding	15
ac	15
fluorescent	15
derivatives	15
iii	15
adhesion	15
bonded	15
contain	15
epitaxial	15
stable	15
charged	15
optically	15
thermoplastic	15
represented	15
article	15
ethylene	15
dna	15
polypeptides	15
fusion	15
percent	15
depositing	15
photoresist	15
polynucleotide	15
antibody	14
horizontal	14
dual	14
conventional	14
positioning	14
locating	14
receive	14
identify	14
transmits	14
cpu	14
wheel	14
push	14
will	14
feedback	14
modules	14
post	14
timing	14
segments	14
delay	14
generally	14
supporting	14
environment	14
adjusting	14
whether	14
faces	14
carried	14
valve	14
monitor	14
images	14
contacting	14
22	14
scale	14
flat	14
windings	14
followed	14
arc	14
reset	14
changing	14
parameters	14
composed	14
content	14
required	14
chips	14
ink	14
prevents	14
does	14
extension	14
prepared	14
sealed	14
recording	14
slots	14
improve	14
teeth	14
play	14
70	14
highly	14
leadframe	14
si	14
doping	14
deep	14
f	14
cladding	14
photodetector	14
seeds	14
ch	14
bone	14
acceptable	14
peroxide	14
molecule	14
aromatic	14
soluble	14
inorganic	14
electrolyte	14
31	13
38	13
probes	13
automotive	13
wireless	13
fixing	13
procedure	13
perform	13
known	13
vco	13
micro	13
adc	13
correction	13
techniques	13
detects	13
across	13
resistor	13
tracking	13
transceiver	13
included	13
dispersed	13
binder	13
activated	13
steering	13
handle	13
height	13
lateral	13
bonds	13
mixed	13
reduction	13
aligned	13
holding	13
fixture	13
exposing	13
boring	13
z	13
pixels	13
sides	13
mirror	13
al	13
silica	13
alkali	13
dye	13
junction	13
backside	13
titanium	13
solder	13
fabricating	13
esd	13
remove	13
patterning	13
enzyme	13
recombinant	13
disease	13
propylene	13
antimicrobial	13
reacting	13
represent	13
polymeric	13
reductase	13
skin	13
acrylic	13
mixtures	13
nucleotide	12
fragment	12
tree	12
unique	12
plural	12
dimension	12
wall	12
detect	12
impact	12
transmitted	12
19	12
self	12
profile	12
achieved	12
ports	12
efficiency	12
center	12
functions	12
reception	12
herein	12
per	12
master	12
designated	12
full	12
standard	12
box	12
direct	12
sensed	12
laminated	12
increasing	12
open	12
coolant	12
static	12
degradation	12
armature	12
arm	12
ceramic	12
adjusted	12
cursor	12
shifter	12
defect	12
patterns	12
directly	12
correcting	12
microscope	12
vacuum	12
supported	12
synthesis	12
longitudinal	12
leaving	12
peripheral	12
knob	12
uniformly	12
symmetric	12
green	12
fine	12
luminescent	12
dopant	12
cm	12
rotating	12
brush	12
dynamoelectric	12
axial	12
sleeve	12
ferromagnetic	12
uniform	12
interior	12
island	12
integer	12
microelectronic	12
photodiode	12
ohmic	12
growth	12
epitaxy	12
analysis	12
foil	12
uv	12
oven	12
plant	12
hydrocarbon	12
derivative	12
beta	12
promoter	12
antibodies	12
diene	12
pigment	12
coat	12
surfactant	12
acids	11
complementary	11
features	11
angles	11
35	11
movable	11
generation	11
tuning	11
planar	11
portable	11
itself	11
outputting	11
comparison	11
results	11
objects	11
passive	11
converted	11
offset	11
allowing	11
sources	11
operable	11
operational	11
relation	11
sets	11
subsequently	11
existing	11
linear	11
processed	11
compression	11
determination	11
web	11
operator	11
monitored	11
opposing	11
minimum	11
switches	11
close	11
property	11
final	11
added	11
annular	11
interconnection	11
voltages	11
bipolar	11
cycle	11
inserted	11
alignment	11
counter	11
transferring	11
roll	11
effects	11
total	11
coils	11
grid	11
especially	11
trap	11
spacers	11
consists	11
guide	11
commutator	11
insulator	11
circumferential	11
34	11
hydrophobic	11
embedded	11
depression	11
nickel	11
patterned	11
catalytic	11
flash	11
dram	11
seat	11
516	11
resist	11
slide	11
domain	11
receptor	11
hydroxy	11
hmg	11
coa	11
pharmaceutically	11
conjugated	11
copolymers	11
coatings	11
polyether	11
zinc	11
silicone	11
release	11
grain	11
shown	10
seq	10
reflector	10
satellite	10
u	10
circular	10
proximate	10
patches	10
storing	10
coordinate	10
mobile	10
42	10
44	10
26	10
interest	10
minimize	10
feed	10
walls	10
utilizes	10
indicative	10
description	10
reverse	10
next	10
currents	10
accuracy	10
corresponds	10
lens	10
keyboard	10
key	10
linked	10
personal	10
double	10
individual	10
action	10
appropriate	10
easily	10
comparator	10
surrounded	10
piece	10
resonance	10
laminate	10
discloses	10
platform	10
varying	10
causing	10
make	10
define	10
102	10
finally	10
cmos	10
collector	10
enable	10
pt	10
implemented	10
random	10
tight	10
heated	10
selective	10
arrays	10
obtain	10
initial	10
intended	10
tubular	10
away	10
directions	10
permanent	10
104	10
enhance	10
work	10
improving	10
spaces	10
fused	10
electro	10
index	10
rod	10
deflection	10
chrome	10
cores	10
54	10
expose	10
underlying	10
additionally	10
molding	10
protected	10
flip	10
packaging	10
esdi	10
polar	10
irradiation	10
exposure	10
container	10
heaters	10
melt	10
joint	10
polynucleotides	10
styrene	10
gem	10
yl	10
complexes	10
sp	10
polyester	10
ether	10
inert	10
tissue	10
variants	10
capture	10
preselected	10
easy	9
primer	9
most	9
apart	9
displayed	9
obtaining	9
left	9
structured	9
lattice	9
connections	9
receivers	9
indicating	9
locations	9
operations	9
finding	9
communications	9
radar	9
sigma	9
alternately	9
controls	9
sound	9
switched	9
partial	9
codes	9
k	9
th	9
contained	9
enclosure	9
site	9
insulative	9
activation	9
filler	9
therapeutic	9
several	9
rim	9
long	9
appliance	9
loss	9
command	9
pins	9
quality	9
surrounding	9
spiral	9
secured	9
similar	9
permeability	9
reduces	9
defining	9
manufacture	9
caused	9
bridge	9
select	9
blocking	9
amplified	9
amplifying	9
transconductance	9
boosting	9
etc	9
identical	9
inverter	9
transient	9
gates	9
variations	9
development	9
bus	9
compliant	9
stress	9
connect	9
maintained	9
thermally	9
however	9
illumination	9
manufactured	9
conduction	9
basic	9
emission	9
polymers	9
aluminum	9
resistivity	9
wet	9
iron	9
regular	9
bundle	9
separating	9
vicinity	9
construction	9
epoxy	9
attachment	9
insulated	9
filling	9
monomer	9
scaling	9
shallow	9
displacement	9
polyolefin	9
format	9
alcohol	9
cycloalkyl	9
heterocyclic	9
unsaturated	9
tungsten	9
heteroaryl	9
protease	9
purified	9
therapy	9
care	9
emulsion	9
cold	9
fabric	9
paint	9
fungicidal	9
exhibit	9
formate	9
wells	9
photographic	9
sensitizing	9
polystyrene	9
reagent	8
red	8
carrying	8
remaining	8
advantageously	8
produces	8
directional	8
exemplary	8
separate	8
do	8
decreased	8
physical	8
holder	8
101	8
feeding	8
microstrip	8
chosen	8
inter	8
coaxial	8
calibration	8
interval	8
security	8
message	8
modulated	8
ad	8
samples	8
request	8
accordingly	8
microcontroller	8
114	8
combining	8
bits	8
depending	8
words	8
limited	8
evaluation	8
automatically	8
controllable	8
flakes	8
52	8
emitted	8
event	8
involved	8
because	8
move	8
thereafter	8
whose	8
fig	8
quantity	8
fuse	8
superconductive	8
marginal	8
soft	8
exhibits	8
art	8
protecting	8
implanted	8
rotatably	8
rotatable	8
acoustic	8
vias	8
approximately	8
converting	8
curved	8
ranges	8
negative	8
word	8
topologies	8
four	8
hard	8
compensation	8
eliminate	8
spring	8
significantly	8
oxides	8
opposed	8
nmr	8
temperatures	8
permits	8
apodized	8
electrochemical	8
nm	8
passed	8
calculation	8
103	8
exceeds	8
neutral	8
deviation	8
ionization	8
1a	8
electrons	8
improves	8
resistive	8
sealing	8
sidewalls	8
serves	8
becomes	8
stiffness	8
perpendicular	8
twin	8
implantation	8
bumps	8
hollow	8
waves	8
covered	8
mold	8
palladium	8
seed	8
62	8
avalanche	8
pinned	8
purity	8
rows	8
altered	8
reactions	8
germanium	8
solar	8
selectivity	8
whole	8
weighing	8
wear	8
99	8
polyethylene	8
prostate	8
methyl	8
ammonium	8
prepare	8
hair	8
fragments	8
expressed	8
cdna	8
crystalline	8
flame	8
curable	8
000	8
printing	8
inhibitor	8
bleach	8
catalysts	8
cured	8
pieces	8
substitution	7
distinct	7
permitting	7
real	7
wind	7
vehicles	7
dipole	7
polarization	7
30b	7
passing	7
built	7
detachment	7
effectively	7
model	7
coupler	7
radiating	7
yield	7
achieve	7
cutting	7
adjust	7
middle	7
given	7
comparing	7
ranging	7
turn	7
developed	7
charging	7
integrating	7
start	7
situated	7
connects	7
limiting	7
overlapping	7
evaluating	7
indicates	7
efficient	7
therewith	7
converts	7
types	7
nodes	7
encoded	7
decomposition	7
ltoreq	7
those	7
fully	7
emergency	7
station	7
reliability	7
independent	7
51	7
short	7
local	7
actuation	7
button	7
waveform	7
circulator	7
causes	7
absence	7
able	7
identified	7
mono	7
holds	7
identification	7
therethrough	7
ability	7
flux	7
fields	7
maintain	7
superconducting	7
elevated	7
resonator	7
quarter	7
occurring	7
responsive	7
distortion	7
trigger	7
lna	7
bypass	7
defects	7
compatible	7
turned	7
ramp	7
sum	7
inhibit	7
intersection	7
dissipation	7
suppressing	7
corrected	7
analyzing	7
damage	7
pitch	7
dry	7
induced	7
11a	7
obstacle	7
promote	7
window	7
eddy	7
branch	7
branched	7
shunt	7
extracted	7
extraction	7
heater	7
blue	7
mm	7
assembled	7
el	7
incident	7
seal	7
yoke	7
coefficient	7
cooling	7
write	7
circumference	7
500	7
create	7
wafers	7
packages	7
foamed	7
bump	7
grown	7
acceleration	7
design	7
lt	7
metals	7
sea	7
boron	7
papers	7
mark	7
interference	7
514	7
volume	7
susceptor	7
food	7
inventive	7
chuck	7
pushed	7
fire	7
radius	7
inbred	7
corn	7
cotton	7
transformed	7
bed	7
polypropylene	7
prevention	7
earth	7
was	7
ligand	7
additives	7
solvents	7
analogs	7
nh	7
chain	7
functionalized	7
androgen	7
inflammatory	7
animal	7
01	7
polyol	7
elastomeric	7
polyvinyl	7
golf	7
min	7
jet	7
vinyl	7
repair	7
hydrocarbons	7
bind	7
prodrugs	7
patient	7
car	7
antigen	7
mutated	7
peptides	7
bacillus	7
quats	7
batting	7
carbide	7
annealing	7
micromachine	7
culture	7
immunoglobulin	7
hsv	7
acrylate	7
receptacles	7
antifogging	7
fogging	7
insertion	6
oligonucleotide	6
desirable	6
many	6
measurements	6
consumption	6
inactive	6
employing	6
viewing	6
viewer	6
convert	6
oriented	6
antennas	6
interposed	6
cushion	6
absorbing	6
avoiding	6
relationship	6
superior	6
97	6
ensure	6
reflected	6
precision	6
coordinates	6
party	6
communicating	6
cellular	6
delivery	6
representing	6
operates	6
conjunction	6
enabled	6
synchronous	6
communicates	6
phases	6
sent	6
integrator	6
discrete	6
112	6
realized	6
continuously	6
sequentially	6
decoding	6
140	6
binary	6
spot	6
compressed	6
laterally	6
elongated	6
strobe	6
collar	6
turbine	6
longer	6
detectors	6
drop	6
lift	6
person	6
observed	6
infection	6
badge	6
utilized	6
spectrum	6
microprocessor	6
shorter	6
brought	6
interconnected	6
re	6
passes	6
remains	6
hold	6
cause	6
camera	6
collected	6
otherwise	6
road	6
rates	6
critical	6
acquisition	6
preliminary	6
identifiers	6
wiper	6
inductor	6
microns	6
23	6
forces	6
magnets	6
induction	6
pole	6
150	6
periphery	6
bent	6
shifted	6
breaker	6
moved	6
machining	6
track	6
gaps	6
rectification	6
designed	6
maintaining	6
synthesizer	6
half	6
baseboard	6
variation	6
efficiently	6
trimming	6
approach	6
furthermore	6
inductance	6
cascode	6
fet	6
cc	6
amplifiers	6
injection	6
balance	6
ic	6
downstream	6
programming	6
matching	6
curve	6
states	6
shift	6
dynamic	6
alternating	6
sense	6
pmos	6
fast	6
architecture	6
damaged	6
moisture	6
motorized	6
resilient	6
colors	6
applicable	6
optional	6
isolating	6
forward	6
room	6
planes	6
sectional	6
eliminating	6
radial	6
essentially	6
actuators	6
branching	6
therefrom	6
moreover	6
modification	6
starter	6
extract	6
powder	6
barriers	6
mg	6
tube	6
irradiated	6
haze	6
nanoparticles	6
bead	6
hydride	6
surrounds	6
motion	6
cu	6
proof	6
typically	6
mount	6
screening	6
mesh	6
fills	6
locking	6
audio	6
regard	6
protect	6
necessary	6
interconnects	6
distributed	6
visible	6
recess	6
perimeter	6
28	6
latex	6
growing	6
80	6
platinum	6
photosensor	6
strips	6
tunnel	6
species	6
monolithic	6
bases	6
absorption	6
josephson	6
focused	6
transferred	6
removal	6
deceleration	6
spectrometer	6
sensitivity	6
corona	6
capacitive	6
photoelectric	6
inlet	6
foods	6
welding	6
starting	6
created	6
dependent	6
longitudinally	6
reinforced	6
woven	6
olefins	6
ph	6
ligands	6
pure	6
gives	6
cyano	6
aralkyl	6
conducted	6
olefinic	6
carbonyl	6
ingredient	6
carboxyl	6
quaternary	6
75	6
substituents	6
donor	6
bitstream	6
fatty	6
antigens	6
expressing	6
hydrogenated	6
drying	6
stopping	6
concerns	6
drug	6
hydrophilic	6
sacrificial	6
crosslinking	6
parking	6
coagulation	6
diol	6
triol	6
meth	6
fluoroelastomer	6
panels	6
pigments	6
oxidation	6
bore	6
thrombin	6
emphysema	6
mammalian	6
antagonists	6
atonal	6
domains	6
il	6
library	6
labels	6
variant	6
rinsing	6
immidazoline	6
ethylenically	6
nonwoven	6
oxidizing	6
masking	6
planarized	6
atmosphere	6
contacter	6
antireflection	6
anodized	6
analyte	6
crf	6
ucn	6
brca1	6
blm	6
morphatide	6
developing	6
foam	6
nial	6
dope	6
dyed	6
ceramidase	5
lipid	5
diagnosis	5
atopic	5
deletion	5
naturally	5
grow	5
polycrystalline	5
integration	5
latch	5
passage	5
scan	5
look	5
spacing	5
monopole	5
septum	5
30a	5
right	5
linearly	5
require	5
ultra	5
entry	5
polygon	5
engagement	5
41	5
configuring	5
yields	5
much	5
transmit	5
coherent	5
spectral	5
scheme	5
readable	5
pipeline	5
geographic	5
service	5
verify	5
indicated	5
estimate	5
210	5
weather	5
stores	5
cascade	5
representation	5
microcomputer	5
encoder	5
204	5
advantages	5
run	5
shifts	5
reliable	5
entire	5
traffic	5
coefficients	5
calculated	5
immediately	5
preceding	5
keys	5
conduit	5
drilling	5
presented	5
drill	5
program	5
initiating	5
problems	5
recognition	5
still	5
activate	5
amplifies	5
homing	5
initiators	5
activates	5
fitted	5
tc	5
successive	5
stationary	5
subjected	5
capability	5
receptacle	5
actuating	5
authorized	5
takes	5
identifier	5
bi	5
layered	5
translucent	5
closing	5
melted	5
appearance	5
divided	5
combustion	5
mouse	5
lengths	5
underside	5
lug	5
vent	5
occurrence	5
break	5
parasitic	5
available	5
modes	5
pll	5
pump	5
damping	5
selecting	5
defines	5
overlap	5
reaches	5
multiplied	5
th_s	5
adapter	5
amplify	5
hence	5
adjusts	5
approximation	5
purpose	5
stabilizing	5
vcc1	5
supplies	5
occur	5
multiplexer	5
regulating	5
flowing	5
fifth	5
pseudo	5
nmos	5
configurations	5
makes	5
valid	5
resistors	5
super	5
allocation	5
clusters	5
incorporating	5
vapor	5
manipulator	5
encapsulated	5
elastomer	5
comparable	5
relaxed	5
cable	5
conveyor	5
individually	5
influence	5
readily	5
dried	5
connectors	5
synchronization	5
jacks	5
facilitate	5
temporary	5
cables	5
feature	5
flows	5
rotated	5
varied	5
separation	5
informational	5
looking	5
tape	5
centered	5
compliance	5
heavy	5
leg	5
trim	5
regulator	5
regulate	5
magnitude	5
accurate	5
pwm	5
brushless	5
actuated	5
actual	5
contrast	5
tension	5
filament	5
cathodes	5
ti	5
ultraviolet	5
partitions	5
buffering	5
intersecting	5
luminous	5
enhancing	5
evaporation	5
fabricate	5
semiconductors	5
narrow	5
smooth	5
needed	5
cr	5
housed	5
removes	5
structural	5
utility	5
coordinated	5
piezoelectric	5
wavelength	5
regulation	5
abrasion	5
semi	5
race	5
33	5
bushing	5
29	5
supports	5
bars	5
pulses	5
rectangular	5
plugs	5
damascene	5
flexible	5
square	5
packaged	5
glue	5
stamped	5
were	5
hts	5
equipped	5
schottky	5
passivation	5
written	5
nonmagnetic	5
mems	5
diffused	5
cmp	5
esdpd	5
jbv	5
targeted	5
overlying	5
ionic	5
phasing	5
90	5
among	5
specified	5
euv	5
transverse	5
complete	5
extent	5
combinations	5
injecting	5
drawn	5
diaphragm	5
delivering	5
cooking	5
lid	5
baking	5
introducing	5
purge	5
bound	5
zones	5
w	5
become	5
deflashing	5
workpieces	5
cyclic	5
manipulating	5
crank	5
flange	5
melting	5
modulus	5
tone	5
lyrics	5
musical	5
instrument	5
decorative	5
sheets	5
industrial	5
lh289	5
transgenic	5
dp	5
444	5
bg	5
rr	5
19704280	5
0332131	5
0332120	5
0332125	5
0332121	5
antisense	5
alzheimer	5
belonging	5
dressing	5
metaxylene	5
chromatographic	5
amounts	5
ar	5
cl	5
osteoporosis	5
analytical	5
synthetic	5
r2	5
alkenyl	5
hydroxyl	5
linking	5
nr	5
covalently	5
65	5
assay	5
ethyl	5
herbicides	5
mutant	5
sodd	5
hematopoietic	5
chlorine	5
fluoropolymer	5
polymerizing	5
polyamide	5
chloride	5
monomers	5
phenolic	5
nanocomposite	5
procedures	5
plastics	5
sodium	5
chemically	5
fe	5
precursor	5
formulations	5
male	5
female	5
decreasing	5
patients	5
child	5
syndrome	5
inflammation	5
immune	5
migration	5
fviii	5
encode	5
botulinum	5
virus	5
quat	5
subterranean	5
alkylthio	5
ni	5
staple	5
fibrous	5
fluorine	5
diffusing	5
sputter	5
flowable	5
interposer	5
lamination	5
kits	5
releasing	5
recombinase	5
epitopes	5
urp	5
regenerating	5
luciferin	5
antibacterial	5
tcpp	5
articles	5
dyes	5
morphatides	5
reproductive	5
nucleus	5
graytone	5
scattering	5
glazing	5
fibres	5
dermatitis	4
genes	4
mid	4
life	4
shifting	4
creates	4
latency	4
velocities	4
ahead	4
velocity	4
loaded	4
magnetically	4
extender	4
acting	4
elastic	4
drops	4
breakage	4
43	4
selects	4
better	4
overall	4
keeping	4
widths	4
junctions	4
paths	4
interferometric	4
sps	4
implementation	4
reflection	4
substance	4
limits	4
quickly	4
aircraft	4
return	4
displaying	4
modulators	4
started	4
menu	4
inputs	4
volatile	4
dac	4
frequencies	4
constituting	4
202	4
222	4
quantization	4
digitized	4
converters	4
once	4
boundaries	4
selector	4
rapid	4
decat	4
ease	4
internet	4
screws	4
engage	4
horn	4
effluent	4
wake	4
gradually	4
assist	4
fillers	4
kept	4
normally	4
taken	4
locate	4
deliver	4
impinging	4
report	4
analyzed	4
maintenance	4
receipt	4
emits	4
proportional	4
constitutes	4
monitors	4
initiator	4
exchange	4
biases	4
ambient	4
alert	4
classified	4
observation	4
percentage	4
collision	4
rendered	4
acquired	4
management	4
verification	4
retractable	4
avoid	4
assigned	4
transducer	4
costs	4
jacket	4
ptc	4
fusible	4
accurately	4
microwave	4
fixedly	4
transformers	4
opposes	4
dimensions	4
adopted	4
consequently	4
minimized	4
springs	4
sized	4
fingers	4
slightly	4
downward	4
implantable	4
relay	4
substantial	4
dynamically	4
fraction	4
tunable	4
lc	4
recovered	4
implementing	4
fed	4
noises	4
elimination	4
55	4
injected	4
85	4
protocol	4
attenuated	4
modulation	4
estimated	4
executing	4
combines	4
going	4
lengthened	4
1321p	4
should	4
differences	4
measures	4
rail	4
interfaces	4
realize	4
original	4
rising	4
alone	4
advantage	4
probing	4
burn	4
handling	4
lowering	4
affected	4
guard	4
oscillating	4
rectifier	4
rolls	4
extra	4
dispenses	4
incorporates	4
inductive	4
locator	4
accomplished	4
nuclear	4
spectroscopy	4
boundary	4
exit	4
tapered	4
view	4
spin	4
proton	4
fourier	4
transformation	4
transmissive	4
entering	4
offsets	4
apply	4
tag	4
factors	4
facing	4
heads	4
meter	4
blades	4
bracket	4
dot	4
isolates	4
mosfet	4
operate	4
previous	4
geometry	4
map	4
pd	4
secures	4
sustain	4
105	4
excess	4
determines	4
electromotor	4
electroluminescent	4
comparatively	4
motors	4
expected	4
compressor	4
exceed	4
mineral	4
subcircuit	4
accelerating	4
towards	4
supplier	4
allowed	4
ionizing	4
simplify	4
corner	4
ppm	4
activating	4
incorporated	4
introduction	4
emitters	4
potentials	4
referred	4
intervals	4
iv	4
sandwiched	4
guiding	4
must	4
chromate	4
95	4
58	4
engaged	4
clutch	4
oil	4
moveable	4
focusing	4
superimposed	4
bundles	4
axially	4
37	4
register	4
elongate	4
constructed	4
reciprocating	4
piston	4
loads	4
electricity	4
train	4
115	4
05	4
acts	4
encapsulating	4
inhibits	4
underfill	4
grooves	4
79	4
inducing	4
strain	4
tensile	4
occurs	4
ultrafine	4
rare	4
photosensitive	4
mesa	4
label	4
void	4
ones	4
enhanced	4
involves	4
poly	4
109	4
ferroelectric	4
ray	4
polygate	4
contiguous	4
quantum	4
intensity	4
expanded	4
epi	4
entrance	4
photolithographic	4
isolate	4
grating	4
aligning	4
debris	4
taking	4
latitude	4
fluorophores	4
ultrasonic	4
sb	4
workpiece	4
digit	4
stabilized	4
76	4
endface	4
adhesives	4
separator	4
namely	4
would	4
rings	4
durability	4
household	4
nozzle	4
bulb	4
projections	4
lowered	4
annealed	4
recessed	4
201	4
lyric	4
shell	4
chinese	4
genetic	4
biosynthesis	4
chimeric	4
transcriptional	4
regulatory	4
altering	4
uncompressed	4
absorbent	4
raffinate	4
rich	4
dbd	4
receptors	4
cartilage	4
obesity	4
affinity	4
r1	4
aldehyde	4
carboxylic	4
medicament	4
satisfying	4
pore	4
ang	4
alkane	4
cosmetic	4
gelling	4
hydrolysis	4
xa	4
amidino	4
benzamide	4
humans	4
machines	4
oh	4
mediated	4
esters	4
diagnostic	4
hansenula	4
methanol	4
diagnosing	4
tags	4
infections	4
character	4
keypad	4
cytokine	4
primers	4
pluripotent	4
tumor	4
molten	4
extruder	4
transesterification	4
hours	4
300	4
biuret	4
diisocyanate	4
elastomers	4
mn	4
cis	4
zirconium	4
solids	4
multifunctional	4
solubility	4
backfill	4
mfr	4
dispersant	4
adhering	4
acidic	4
alkylene	4
isocyanate	4
fluoroterpolymer	4
reinforcement	4
organized	4
clay	4
dispersions	4
resins	4
retardant	4
polycondensate	4
nerve	4
formulated	4
scented	4
vulcanized	4
powdery	4
organosilicon	4
carbene	4
oxidized	4
alkoxide	4
vivo	4
pyridine	4
pyrimidine	4
hiv	4
suffering	4
cycloalkyloxy	4
claimed	4
administration	4
kinase	4
medical	4
equivalent	4
administering	4
agonists	4
bacterial	4
toxin	4
activatable	4
reader	4
proteinase	4
family	4
embryonic	4
stem	4
clothes	4
sprayable	4
amyloliquefaciens	4
subtilisin	4
27	4
68	4
142	4
detergent	4
45	4
alkylsulphonyl	4
alkylamino	4
dialkylamino	4
grouping	4
photocatalyst	4
slurry	4
fluids	4
transmittance	4
quilt	4
fluoride	4
hf	4
bilayer	4
windows	4
subjecting	4
textured	4
modem	4
directing	4
repeating	4
polished	4
cvd	4
capping	4
elevator	4
building	4
48a	4
48b	4
soi	4
roughness	4
410	4
dopants	4
scrubbing	4
grains	4
misfet	4
clad	4
posts	4
piezoresistors	4
islands	4
nanoholes	4
vertex	4
laminations	4
adenoviral	4
acceptor	4
survivin	4
terminus	4
chitinase	4
pth	4
linker	4
fluorescence	4
subunit	4
phor	4
camelidae	4
nhlp	4
mipc	4
vpr	4
bodies	4
crushing	4
mother	4
combustor	4
multilayer	4
refractive	4
rhodium	4
hygroscopic	4
conjugate	4
multifilament	4
mol	4
engineering	3
hybridizing	3
peach	3
firm	3
extremely	3
cannot	3
composes	3
outputted	3
significant	3
writing	3
capacitively	3
compact	3
susceptible	3
omnidirectional	3
compartments	3
compartment	3
polarized	3
couple	3
orthogonal	3
communicated	3
works	3
inputting	3
reflect	3
sections	3
placement	3
electromagnetically	3
800	3
telephone	3
requires	3
possess	3
excited	3
180	3
absorbed	3
differing	3
readings	3
representative	3
constraints	3
quadrature	3
regeneration	3
filtered	3
arrival	3
precise	3
broadcast	3
triangulation	3
name	3
abbreviation	3
personnel	3
navigational	3
coarse	3
240	3
reflecting	3
mixer	3
employs	3
null	3
opamp	3
finish	3
consumed	3
click	3
speaker	3
string	3
optimum	3
filtering	3
filters	3
packets	3
priority	3
decoded	3
bandwidth	3
120	3
130	3
irradiating	3
pointing	3
st	3
sorting	3
suited	3
opened	3
recharging	3
accumulation	3
geo	3
delivers	3
safety	3
alarms	3
travel	3
impregnated	3
gaseous	3
behavior	3
52a	3
early	3
utilize	3
persons	3
uniquely	3
returns	3
smoke	3
pulsed	3
emit	3
initiation	3
batteries	3
integrally	3
fitting	3
indicator	3
initiated	3
users	3
parties	3
doing	3
breaking	3
database	3
answer	3
bidirectional	3
increases	3
probability	3
potentiometer	3
noble	3
terminations	3
termination	3
joined	3
abuts	3
initially	3
interact	3
surround	3
electromagnets	3
forth	3
technology	3
indicators	3
helium	3
implant	3
electronics	3
purposes	3
simultaneous	3
concave	3
unitary	3
trip	3
predefined	3
rotate	3
except	3
slug	3
resonators	3
permittivity	3
pointer	3
simply	3
periodic	3
usage	3
tuned	3
rectifying	3
biasing	3
compensating	3
requirements	3
106	3
resonating	3
oscillation	3
compensator	3
compensates	3
optimized	3
resultant	3
incoming	3
contribute	3
great	3
lscg	3
superposed	3
attenuator	3
56	3
extracting	3
attenuation	3
phasor	3
bandlimited	3
achieving	3
provision	3
vss	3
vcc2	3
fuses	3
diodes	3
enables	3
enough	3
goes	3
bring	3
cap1	3
applies	3
addressed	3
duration	3
electronically	3
fewer	3
precharge	3
actions	3
cpld	3
elective	3
routing	3
usable	3
terms	3
sufficient	3
resources	3
completion	3
dedicated	3
constants	3
tolerant	3
advantageous	3
environmental	3
shortened	3
observing	3
couples	3
se	3
involving	3
reagents	3
conduits	3
valves	3
replacement	3
immunity	3
11b	3
inground	3
predicted	3
straight	3
axes	3
summing	3
adds	3
oblique	3
narrowing	3
inverse	3
restricted	3
layout	3
drivers	3
energizing	3
sinusoidally	3
associating	3
mechanically	3
tends	3
strap	3
resistances	3
functioning	3
ideal	3
establishing	3
charger	3
permit	3
drives	3
changed	3
calculates	3
req_trq	3
vcta	3
shows	3
hardly	3
clear	3
controllers	3
alternative	3
computationally	3
energized	3
calculating	3
sine	3
cosine	3
largely	3
rpm	3
losses	3
setpoint	3
smoothing	3
status	3
ms	3
displays	3
ballast	3
therefor	3
regarding	3
lighting	3
rated	3
though	3
atmospheric	3
broad	3
stepped	3
expanding	3
mercury	3
eliminated	3
getter	3
overhanging	3
risk	3
rgb	3
white	3
colloid	3
spray	3
gradient	3
nearest	3
paste	3
modulating	3
ridges	3
wider	3
circumferentially	3
guided	3
fixtures	3
slider	3
moves	3
idt	3
pulley	3
productivity	3
rather	3
viscosity	3
eye	3
icon	3
friction	3
allowable	3
roller	3
accommodated	3
protocols	3
span	3
appearing	3
sleep	3
installation	3
printer	3
cogeneration	3
128	3
leaves	3
rewiring	3
integral	3
themselves	3
adhered	3
interconnecting	3
thermosetting	3
recognized	3
bumped	3
precisely	3
frames	3
tie	3
detached	3
encased	3
paddle	3
78	3
valleys	3
withstand	3
breakdown	3
optoelectronic	3
mean	3
imager	3
802	3
apd	3
250	3
transport	3
degrees	3
proposed	3
seam	3
sti	3
add	3
submicron	3
ldd	3
unchanged	3
vdd	3
penetrating	3
besides	3
graded	3
multiply	3
throughout	3
117	3
mram	3
205	3
falling	3
resolution	3
gaas	3
ga	3
instead	3
24a	3
24b	3
uppermost	3
principal	3
j	3
2c	3
stripe	3
preexposure	3
stopped	3
latent	3
submount	3
kinds	3
transparency	3
incidence	3
lithography	3
lenses	3
longitude	3
confocal	3
ophthalmic	3
reaching	3
biased	3
slab	3
emi	3
transform	3
coincidence	3
inspection	3
traps	3
trapping	3
trapped	3
pertains	3
desorbed	3
population	3
radially	3
torsion	3
64	3
recovering	3
lms	3
timer	3
completely	3
slower	3
focal	3
outlet	3
magnetron	3
irrespective	3
turns	3
meat	3
grilling	3
pan	3
hotdog	3
broiler	3
bread	3
tray	3
convenient	3
hot	3
exhaust	3
applicator	3
conformal	3
bank	3
sizes	3
displaced	3
weld	3
600	3
achieves	3
sulfur	3
interruption	3
rods	3
rests	3
atop	3
enabling	3
engageable	3
fill	3
visual	3
stranded	3
caulked	3
thermo	3
closure	3
tank	3
hose	3
song	3
drumstick	3
durable	3
laminating	3
language	3
l2	3
cache	3
distilled	3
enriched	3
sapo	3
friendly	3
estrogen	3
incontinence	3
breast	3
halogenated	3
phenol	3
alkaline	3
crude	3
route	3
anhydrous	3
radicals	3
alkylidene	3
physiologically	3
alkoxycarbonyl	3
heterogeneous	3
wppm	3
dissolving	3
examples	3
halogenating	3
inversion	3
aspergillus	3
claim	3
chromium	3
molybdenum	3
rna	3
promoters	3
polymorpha	3
intact	3
carboxypeptidase	3
degraded	3
copies	3
amsh	3
transduction	3
hybridization	3
csf	3
mw	3
colonies	3
cfu	3
induce	3
antitumor	3
sufficiently	3
carbonate	3
minutes	3
mdis	3
minimal	3
67	3
amide	3
polyorganosiloxane	3
cure	3
alkylating	3
saturated	3
disclosure	3
poles	3
residence	3
masterbatch	3
grafting	3
glycidyl	3
little	3
favorable	3
iminoester	3
situ	3
concrete	3
zn	3
term	3
fluidity	3
blend	3
polycarbonate	3
acetate	3
discoloration	3
polyisocyanates	3
mole	3
trans	3
colorant	3
natural	3
cationically	3
electrodepositable	3
fixation	3
solubilized	3
phosphate	3
hydrate	3
polyphenylene	3
instructions	3
tapes	3
cationic	3
additive	3
tio	3
exhibiting	3
marrow	3
substitutes	3
graft	3
ruthenium	3
guest	3
mixing	3
emulsifier	3
cuttings	3
class	3
targeting	3
sexual	3
dysfunction	3
symptoms	3
nitro	3
pest	3
heterologous	3
dermatological	3
mat	3
keychain	3
fob	3
kit	3
animals	3
prophylaxis	3
special	3
sites	3
prodrug	3
shutting	3
customer	3
albumin	3
administered	3
400	3
allergic	3
homology	3
cleavage	3
a2	3
positive	3
bacteria	3
sinus	3
hif	3
mcv	3
homologous	3
anionic	3
121	3
bleaching	3
carry	3
raised	3
washing	3
fence	3
dialkyl	3
monoalkyl	3
activator	3
rice	3
carbamoyl	3
alkylsulphinyl	3
preferable	3
biodegradable	3
laminates	3
fibrids	3
hygiene	3
yarn	3
interstitial	3
overlies	3
abduction	3
masks	3
spider	3
clamp	3
overlay	3
sims	3
reached	3
pedestal	3
leave	3
strippable	3
purging	3
suppress	3
oxidizer	3
wash	3
collimated	3
outgoing	3
hardmask	3
monos	3
belt	3
link	3
thick	3
indium	3
amorphous	3
mo	3
zno	3
pathway	3
micromechanical	3
spare	3
dangling	3
dicing	3
specificity	3
quantify	3
analytes	3
fractions	3
capillary	3
irreversible	3
genome	3
monoclonal	3
suspensions	3
innermost	3
outermost	3
stably	3
lat	3
tetrahydrofolate	3
metabolism	3
urocortin	3
winter	3
wheat	3
listed	3
cysteine	3
strand	3
cd40	3
pullulanase	3
murc	3
tagged	3
ptam	3
bs	3
enzymatically	3
reporter	3
antigenically	3
hepatitis	3
ivf	3
oocyte	3
seconds	3
developer	3
radical	3
cca	3
clwd	3
mosion	3
scatter	3
pregel	3
tines	3
interspersed	3
manifolds	3
undergoing	3
expansion	3
seedlayer	3
intumescent	3
give	3
copying	3
foils	3
facer	3
dots	3
abrasive	3
smc	3
textile	3
v1	3
listing	2
stringent	2
fruit	2
best	2
limbs	2
creating	2
spherical	2
yellow	2
days	2
decision	2
msb	2
facets	2
directs	2
illuminate	2
vertically	2
virtual	2
senses	2
viewed	2
spline	2
dampening	2
movements	2
stepwise	2
extensions	2
director	2
yagi	2
uda	2
dimensioned	2
past	2
31a	2
concatenation	2
shared	2
exchanged	2
keyless	2
approximating	2
update	2
lattices	2
updated	2
inserting	2
4b	2
projects	2
boss	2
rotates	2
leaky	2
grounded	2
sidelobes	2
loading	2
traveling	2
terminated	2
insert	2
completed	2
patch	2
symmetrically	2
narrower	2
match	2
transmitters	2
txs	2
messages	2
strengths	2
attributable	2
doppler	2
cancellation	2
demodulation	2
estimation	2
ambiguity	2
correlation	2
television	2
graphics	2
paged	2
city	2
landmark	2
paging	2
parents	2
children	2
agencies	2
services	2
log	2
calling	2
uncertainty	2
flight	2
former	2
asynchronous	2
readout	2
emulator	2
116	2
224	2
interleaved	2
serialization	2
coded	2
aspects	2
benefits	2
signaling	2
every	2
constraint	2
compressing	2
possibly	2
datapoints	2
record	2
computation	2
overview	2
trees	2
again	2
foldable	2
folding	2
qwerty	2
oppositely	2
removably	2
joints	2
addresses	2
multiplicity	2
call	2
residing	2
initializing	2
tab	2
requiring	2
alternate	2
transit	2
workmen	2
commences	2
terminating	2
sleeping	2
touch	2
warning	2
community	2
thresholds	2
biological	2
ir	2
identifiable	2
proper	2
marker	2
rfid	2
modulate	2
powered	2
preventive	2
reportable	2
periodically	2
convey	2
projecting	2
enhances	2
recommended	2
kelvin	2
vehicular	2
classification	2
trailer	2
articulation	2
acquire	2
acquires	2
identifies	2
checked	2
conduct	2
resting	2
inspected	2
quartz	2
repulsive	2
pluralities	2
10000	2
requirement	2
logging	2
remotely	2
earlier	2
ovate	2
palm	2
anterior	2
buttons	2
46	2
could	2
hands	2
wrist	2
upward	2
affecting	2
pivot	2
none	2
detachably	2
induces	2
incorporate	2
walking	2
reliably	2
dividing	2
108	2
110	2
ten	2
ohms	2
lock	2
adjuster	2
sampled	2
clocks	2
modify	2
manipulates	2
follower	2
largest	2
highest	2
tl	2
c_s	2
dependency	2
brings	2
superposes	2
feedforward	2
pilot	2
found	2
throughput	2
precharges	2
evaluates	2
closest	2
store	2
lot	2
correctly	2
remarkably	2
functionality	2
safe	2
overlaps	2
latches	2
1320	2
1321	2
1320p	2
1803	2
1804	2
1320pb	2
1321pb	2
1823	2
1828	2
1611	2
1612	2
duty	2
concurrence	2
replaces	2
b12	2
delivered	2
disabled	2
drains	2
fractional	2
quantizer	2
logical	2
properly	2
overshooting	2
bounce	2
bypassing	2
consistency	2
automatic	2
routed	2
global	2
unidirectional	2
designs	2
complexity	2
achievable	2
enters	2
53b	2
l11	2
l14	2
synchronism	2
clk	2
decomposed	2
57	2
ics	2
analyzes	2
forced	2
primarily	2
usually	2
repairing	2
aligns	2
indicia	2
conveying	2
accessible	2
tip	2
relief	2
planarize	2
behind	2
rs	2
effected	2
rectified	2
draw	2
depleted	2
5b	2
patching	2
approximate	2
precharging	2
confines	2
ways	2
cryogenic	2
enter	2
sheath	2
protons	2
hetero	2
nuclei	2
xh	2
spectroscopic	2
multiplying	2
slotted	2
ruggedness	2
transients	2
relaxation	2
compensated	2
displaceable	2
exciter	2
pocket	2
airbag	2
deployment	2
cartridge	2
characterization	2
docking	2
align	2
stops	2
backward	2
adjoining	2
securely	2
depths	2
established	2
seawater	2
floats	2
discharges	2
vary	2
managing	2
regulated	2
execute	2
1s	2
chopper	2
instruction	2
theta	2
performs	2
sr	2
subtracted	2
abrupt	2
compares	2
gray	2
dulled	2
unlike	2
rotationally	2
hall	2
showing	2
table	2
wheeling	2
emf	2
convergence	2
blocked	2
running	2
cycles	2
twice	2
picked	2
oled	2
fan	2
consecutive	2
inverting	2
radiator	2
deterioration	2
considering	2
reflectivity	2
electroluminescence	2
faceplate	2
g2	2
depressed	2
recovery	2
capturing	2
brightness	2
partition	2
luminant	2
pairs	2
serving	2
constituted	2
partitioning	2
11d	2
perpendicularly	2
minimizing	2
dispersibility	2
wavelengths	2
mutually	2
closer	2
ratios	2
subphase	2
nominal	2
resistivities	2
remain	2
omega	2
lowest	2
350	2
favorably	2
disturbance	2
brackets	2
rigidity	2
beyond	2
impart	2
collectively	2
retracts	2
saw	2
lambda	2
gyroscope	2
tongues	2
needle	2
wheels	2
centrally	2
circulating	2
isotropic	2
anisotropic	2
shot	2
assemblies	2
stepping	2
yokes	2
flush	2
cylindrical	2
datum	2
steel	2
bolts	2
securing	2
locker	2
installing	2
eccentric	2
branches	2
shapes	2
rigidly	2
toggle	2
roof	2
truck	2
cab	2
tractor	2
links	2
copy	2
alternator	2
rise	2
decouples	2
upwardly	2
encapsulant	2
coplanar	2
126	2
thinning	2
mating	2
collecting	2
tantalum	2
dramatically	2
mitigated	2
cracking	2
dense	2
stacking	2
ordinary	2
modifying	2
22a	2
passageway	2
operatively	2
golden	2
arrange	2
cage	2
plated	2
diameters	2
boards	2
extended	2
flank	2
peaks	2
61	2
73	2
proposes	2
metalization	2
condensing	2
ablated	2
detachable	2
environments	2
shock	2
photons	2
labeling	2
mirrors	2
coextensive	2
implanting	2
esdc	2
far	2
5v	2
simplified	2
teachings	2
majority	2
appear	2
conformally	2
webs	2
gated	2
problem	2
corners	2
saving	2
magneto	2
161	2
171	2
mtj	2
203	2
209	2
mobility	2
act	2
hysteresis	2
t1	2
principle	2
spans	2
setup	2
separately	2
neighbouring	2
undesired	2
gallium	2
dcgs	2
ingan	2
algan	2
afterward	2
led	2
tidal	2
ocean	2
recorded	2
projected	2
overlaid	2
freedom	2
cooper	2
2a	2
carriers	2
arranging	2
chalcogenide	2
empty	2
opto	2
configure	2
distinguish	2
glossy	2
lithographic	2
tips	2
milled	2
optics	2
nexrad	2
inaccuracies	2
finds	2
saddle	2
travels	2
lamps	2
slowing	2
superimposing	2
condenser	2
reproduces	2
subdivided	2
transforming	2
resetting	2
collimator	2
170	2
sole	2
gradients	2
positional	2
parallax	2
microscopy	2
criterion	2
rectilinear	2
temporarily	2
quadropole	2
supplementary	2
desorbing	2
confined	2
progressively	2
sequential	2
distributing	2
restoring	2
66	2
74	2
wavefront	2
luminance	2
xyz	2
dust	2
retro	2
photodetectors	2
remainder	2
interpolation	2
focus	2
commercial	2
cabinet	2
enclosing	2
engaging	2
attaches	2
warmer	2
quick	2
clean	2
exhausted	2
stick	2
averaging	2
offers	2
optimal	2
din	2
microcolumn	2
engraving	2
spite	2
suitably	2
wise	2
yag	2
matched	2
welded	2
interrupting	2
rapidly	2
extinguishing	2
densities	2
multiplication	2
subtraction	2
adcs	2
attenuate	2
pressing	2
preliminarily	2
strong	2
covalent	2
neither	2
nor	2
apertures	2
crimping	2
hoods	2
hood	2
peeled	2
shoulder	2
cube	2
containers	2
secure	2
cabled	2
visually	2
hub	2
glide	2
umbilical	2
hydraulic	2
hoses	2
dissipative	2
journalled	2
excessive	2
surgical	2
coder	2
decoder	2
option	2
progression	2
reproduced	2
beat	2
drum	2
drumshell	2
prescribed	2
cloth	2
released	2
turning	2
fieldbus	2
translating	2
rules	2
destination	2
cassettes	2
retrieval	2
belongs	2
disposable	2
retain	2
uncovered	2
paraxylene	2
simulated	2
five	2
desorbent	2
streams	2
acetaldehyde	2
silicoaluminophosphate	2
sieve	2
undergoes	2
catalyzed	2
aryldiazonium	2
organosilanes	2
now	2
och	2
instant	2
endometriosis	2
uterine	2
cardiovascular	2
degenerative	2
vascular	2
uterus	2
bromide	2
brominating	2
numbers	2
normalized	2
multiples	2
hydroxypropylamine	2
gt	2
formic	2
membered	2
distillation	2
cyclo	2
diisocyanates	2
ketone	2
dimethyl	2
zr	2
fluoroalkyl	2
trialkylsilyl	2
alkoxyalkanol	2
epoxidation	2
cations	2
pk	2
reactors	2
200	2
template	2
paclitaxel	2
docetaxel	2
trihydrate	2
chlorinated	2
precipitate	2
fluoro	2
benzylidene	2
sorbitol	2
acetals	2
fluorinated	2
halobutyric	2
pyrrolidinone	2
cyclizing	2
recrystallization	2
fermentation	2
lactone	2
antithrombotic	2
1h	2
tetrazol	2
dihydro	2
pyrrolidin	2
intermediates	2
dyeing	2
sh	2
sequencing	2
heterocyclo	2
pyrazolobenzodiazepines	2
tumors	2
tertiary	2
bioconjugated	2
chelating	2
cyclin	2
hbv	2
aid	2
cassette	2
pop	2
pneumoniae	2
characters	2
phone	2
stimulating	2
serum	2
gm	2
differentiation	2
epimorphin	2
milk	2
artiodactyls	2
cows	2
sheep	2
gland	2
secreted	2
distamycin	2
bromo	2
chloro	2
endowed	2
remarkable	2
tri	2
mbar	2
diphenylmethane	2
nco	2
allophanate	2
prepolymers	2
alphabetic	2
numerical	2
siloxane	2
pendant	2
apparel	2
polymerized	2
sir	2
objective	2
afford	2
improvement	2
retardancy	2
mentioned	2
terpene	2
composites	2
pvc	2
modifiers	2
polyisoprenes	2
polybutadienes	2
linkage	2
phosphoric	2
alkylaluminium	2
suspended	2
alicyclic	2
organoaluminum	2
tetrafluoride	2
contents	2
diluent	2
oligomer	2
reacted	2
ammonia	2
oligomers	2
automobile	2
appliances	2
carbons	2
impressed	2
ingredients	2
gelation	2
hitherto	2
feeling	2
hit	2
vulcanizing	2
br	2
metallocene	2
zirconocene	2
daily	2
phosphorus	2
extrusion	2
saponified	2
polyisocyanate	2
eo	2
po	2
monol	2
weights	2
monohydric	2
alcohols	2
esterification	2
reacts	2
polyalkoxylated	2
demonstrates	2
trimer	2
crosslinked	2
shrink	2
terpolymer	2
universal	2
tread	2
starch	2
exterior	2
possesses	2
exfoliated	2
unmodified	2
powders	2
corrosion	2
substances	2
matrices	2
come	2
compounding	2
grafted	2
02	2
moldability	2
ionomer	2
neutralizing	2
inks	2
formulation	2
softener	2
urea	2
sulfate	2
terephthalate	2
escaping	2
polyhydroxyalkanoates	2
physiological	2
meniscus	2
plating	2
tendon	2
modifications	2
dispersion	2
paints	2
initiate	2
aforementioned	2
00	2
wax	2
contaminants	2
fischer	2
nanocomposites	2
droplets	2
hormone	2
decline	2
fatigue	2
libido	2
hypogonadism	2
anemia	2
sarcopenia	2
osteopenia	2
alterations	2
mood	2
cognition	2
ovarian	2
inhibitory	2
benzimidazole	2
precursors	2
fungi	2
downhole	2
diacetyl	2
benzoyllathyrol	2
topical	2
serine	2
proteases	2
trypsin	2
meanings	2
inhibition	2
lactacystin	2
coor	2
haloalkyl	2
arylc	2
cor	2
definitions	2
imidazolidinones	2
hcv	2
aspartyl	2
mammals	2
grows	2
pesticidal	2
lung	2
mammal	2
chassis	2
cholinergic	2
agonist	2
vagus	2
solvate	2
alleviation	2
gastrointestinal	2
heteroaromatic	2
take	2
pain	2
dosing	2
discontinuous	2
substituent	2
appetite	2
disorder	2
occupied	2
seats	2
compulsive	2
valuable	2
pyrazoles	2
heterocyclyl	2
arthritis	2
pi3k	2
bicyclic	2
amyloid	2
therapeutically	2
heterocycle	2
encompasses	2
antagonist	2
medicine	2
etherified	2
phospholipids	2
atherosclerosis	2
autoimmune	2
beneath	2
who	2
lying	2
chair	2
nursing	2
situation	2
concern	2
nutritional	2
supplement	2
antineoplastic	2
da	2
translational	2
anchorage	2
inactivation	2
anthraquinones	2
vitro	2
alkene	2
carbohydrate	2
glucose	2
disconnect	2
shut	2
notify	2
meconium	2
aspiration	2
admixed	2
vla	2
leucocyte	2
interactions	2
motilin	2
stomach	2
deleted	2
proteasome	2
proteasomal	2
deficiency	2
thrombocidin	2
gram	2
streptococcus	2
staphylococcus	2
fungal	2
headache	2
intracellular	2
registration	2
secret	2
meal	2
cck	2
deactivation	2
calcium	2
costly	2
healing	2
mc148p1	2
mc148p2	2
mc148p3	2
mc148p	2
oxidant	2
satisfies	2
gelatinous	2
stains	2
72	2
77	2
87	2
98	2
107	2
123	2
160	2
166	2
206	2
212	2
216	2
217	2
218	2
230	2
232	2
252	2
257	2
260	2
265	2
274	2
275	2
residues	2
adjunct	2
varies	2
constituents	2
energizer	2
soap	2
structurant	2
gellant	2
polyacrylate	2
potassium	2
benzyloxymethyl	2
isoxazoline	2
weeds	2
paddy	2
alkylcarbonyl	2
thiocarbamoyl	2
dialkylaminosulphonyl	2
sulphur	2
heterocyclyloxy	2
alkinyl	2
oxysulfide	2
sm	2
nb	2
tetrachloride	2
receivable	2
indenoindolyl	2
exceptional	2
bridging	2
indolyl	2
framework	2
copolymerization	2
variability	2
zeolitic	2
mfi	2
consolidating	2
contamination	2
hafnium	2
compostable	2
multicomponent	2
interrogator	2
undrawn	2
para	2
deformed	2
prepregs	2
diapers	2
feminine	2
placing	2
kr	2
nitridation	2
triple	2
abductions	2
situations	2
utilization	2
terrorist	2
newly	2
clamping	2
ibe	2
chemistry	2
showerhead	2
erosion	2
typical	2
planarizing	2
planarzing	2
randomly	2
examination	2
sort	2
deposit	2
previously	2
mats	2
firing	2
wsi	2
refractory	2
networks	2
alloys	2
mtorr	2
traditional	2
sputtering	2
heavily	2
passengers	2
help	2
unlocking	2
nonvolatile	2
exposes	2
misaligned	2
discharging	2
ler	2
convex	2
abstract	2
scope	2
urged	2
stopper	2
hemispherical	2
grained	2
padding	2
540	2
intent	2
approaches	2
liner	2
ozone	2
retrograde	2
deeper	2
finfet	2
association	2
retracting	2
retraction	2
operationally	2
pockets	2
voids	2
gravity	2
pressed	2
columnar	2
encapsulater	2
indicate	2
uniformity	2
piezoresistance	2
organosilicate	2
delamination	2
exists	2
quadrilateral	2
scribe	2
droplet	2
frontside	2
becoming	2
stoichiometry	2
shower	2
chelate	2
lanthanides	2
spore	2
hydroxyethyl	2
react	2
epsilon	2
gc	2
microstructure	2
susceptibility	2
concentrations	2
cobalt	2
phenacite	2
frit	2
excluding	2
genomes	2
culturing	2
glutamine	2
oligonucleotides	2
mg1	2
blood	2
tolerance	2
tolerogenic	2
retroviral	2
backbone	2
viral	2
fertilization	2
gb	2
gd	2
vx	2
role	2
binds	2
pylori	2
membranes	2
sensitization	2
pcr	2
dnas	2
reactivity	2
glycolipid	2
heterodimeric	2
p40	2
p35	2
kiss	2
cancers	2
tissues	2
mutation	2
eukaryotic	2
genera	2
yeast	2
cdr	2
tonguelike	2
embodied	2
lesser	2
incubating	2
crp	2
antiidiotypic	2
precancerous	2
cancerous	2
bb	2
labeled	2
separations	2
constructs	2
cytoplasmic	2
chitobiase	2
scaffolding	2
immunological	2
embryo	2
solutions	2
microreactor	2
adsorbed	2
chromophores	2
adsorption	2
shims	2
a1	2
5000	2
severe	2
penetrate	2
photoacid	2
photopolymerizable	2
polymerizable	2
protrusions	2
gluing	2
blackness	2
creation	2
stencil	2
zirconic	2
neutralized	2
dropped	2
unitized	2
regenerative	2
gases	2
interfacing	2
fluidic	2
passages	2
monolith	2
triplex	2
aided	2
photoresistor	2
reformate	2
vaporizer	2
intermetallic	2
aluminide	2
transporting	2
dipyrazolo	2
underlayer	2
diffuse	2
sputtered	2
b2	2
ag	2
shrinkage	2
polarizing	2
polyimide	2
pyrogenous	2
emissive	2
oxynitride	2
radically	2
polymerisable	2
accelerator	2
reinforcing	2
microrod	2
glassy	2
graphite	2
fired	2
irritation	2
yarns	2
fastness	2
imparting	2
platen	2
cyclodextrin	2
ra	2
cementitious	2
asbestos	2
lamina	2
overcoat	2
affect	2
recesses	2
tailored	2
cemented	2
microstructured	2
acoustically	2
fibre	2
ud	2
evacuated	2
peelable	2
multistage	2
polarizer	2
h1	2
f1	2
indices	1
prunus	1
persica	1
crunchy	1
bitten	1
ripe	1
spreading	1
flesh	1
pit	1
season	1
matures	1
redhaven	1
unpatented	1
hangs	1
staying	1
shelf	1
vision	1
acquiring	1
successful	1
unsuccessful	1
solve	1
adopt	1
gradation	1
interlaced	1
illuminated	1
reality	1
motions	1
perspectives	1
probable	1
accounts	1
smoothes	1
account	1
sudden	1
orient	1
choke	1
chokes	1
divides	1
proportioned	1
circularly	1
reach	1
fundamental	1
vivaldi	1
notch	1
meander	1
concatenated	1
wideband	1
identically	1
absorb	1
accidental	1
dampers	1
abutment	1
accidentally	1
updating	1
tightened	1
threading	1
nut	1
101a	1
claws	1
claw	1
accepts	1
unrestricted	1
mhz	1
ghz	1
prescribing	1
manipulated	1
radiated	1
resistively	1
sacrificing	1
too	1
discontinuity	1
boresight	1
people	1
rxs	1
rx	1
forwards	1
tx	1
gathered	1
enforced	1
probabilistically	1
enforce	1
expectations	1
transitions	1
narrowband	1
subsystem	1
uncontrolled	1
processors	1
capabilities	1
course	1
workstation	1
called	1
satellites	1
statistic	1
yet	1
records	1
basestation	1
computing	1
constrained	1
erroneous	1
compute	1
oscillates	1
modulates	1
demodulates	1
limiter	1
demodulated	1
pilots	1
hazard	1
hazards	1
exist	1
plan	1
retrieves	1
voxels	1
retrieved	1
jamming	1
wait	1
programs	1
couplable	1
dma	1
graphically	1
reprogrammable	1
arbitrary	1
continued	1
integrators	1
furnished	1
disconnects	1
disconnecting	1
tp2	1
tp3	1
tp4	1
tp1	1
amplitudes	1
quanitization	1
pipelined	1
disturbing	1
ongoing	1
interleavably	1
calibrated	1
packet	1
retained	1
decodes	1
retransmissions	1
responsiveness	1
efficiencies	1
timings	1
biphase	1
mips	1
huffman	1
lookup	1
quotient	1
rll	1
computes	1
coming	1
distal	1
raw	1
formally	1
momentarily	1
gtoreq	1
decompress	1
computed	1
explicitly	1
implicitly	1
reconstruction	1
orientated	1
positionable	1
upright	1
mud	1
telemetry	1
transportation	1
assigning	1
danger	1
dataset	1
closes	1
snap	1
threaded	1
crane	1
overhead	1
asynchronously	1
disengages	1
hear	1
anticipating	1
ies	1
emanating	1
surveillance	1
motionless	1
spheres	1
52b	1
always	1
bioterrorism	1
events	1
statistical	1
individuals	1
accepted	1
grade	1
fever	1
evaluate	1
warfare	1
subjects	1
delimited	1
supervisory	1
informs	1
pet	1
containment	1
leadless	1
energize	1
backscatter	1
keying	1
reporting	1
feet	1
exiting	1
correspondingly	1
unexplained	1
tires	1
convenience	1
interactive	1
capaciflector	1
grouped	1
turnaround	1
intrusion	1
calculate	1
inflate	1
deflate	1
judge	1
judged	1
localized	1
appeared	1
obstacles	1
observer	1
classify	1
marked	1
endangering	1
already	1
jackknifing	1
tendency	1
assistance	1
regularly	1
rooms	1
executes	1
complements	1
inventory	1
broadcasts	1
uncovers	1
question	1
dialog	1
unlocked	1
forcing	1
retract	1
rewrites	1
conditional	1
partly	1
wraps	1
rating	1
footprint	1
gardner	1
electromagnet	1
bobbin	1
spool	1
fringe	1
cool	1
htsl	1
despite	1
mattresses	1
confers	1
mattress	1
6000	1
103b	1
counteracting	1
stressed	1
stroke	1
manufacturers	1
vintages	1
scalable	1
analogue	1
boil	1
impending	1
failures	1
facilitates	1
predictive	1
mri	1
downtime	1
peripherally	1
receding	1
hypothenar	1
eccentrically	1
askew	1
apex	1
angularly	1
conform	1
elevate	1
comfortably	1
unnatural	1
writs	1
nerves	1
arteries	1
freely	1
demagnetization	1
shiftable	1
tang	1
finger	1
overcurrent	1
wetted	1
adheres	1
wettable	1
latching	1
amenable	1
say	1
tracks	1
discontinuities	1
meta	1
currently	1
tracked	1
unintentional	1
might	1
microcircuit	1
minimizes	1
mismatch	1
adder	1
oscillations	1
contribution	1
considerably	1
132	1
impedances	1
watt	1
firstly	1
sheltering	1
varactor	1
replicating	1
replicated	1
specifics	1
trimmed	1
transfers	1
equalizer	1
equalizing	1
followers	1
swing	1
minus	1
rdson	1
15v	1
impairing	1
delimiting	1
adapting	1
finite	1
bringing	1
delimits	1
octal	1
hexadecimal	1
numeric	1
highlights	1
incremented	1
selectable	1
divider	1
bypasses	1
pipestaged	1
roles	1
deviates	1
osc	1
congregation	1
stabilizes	1
redundancy	1
differently	1
quadrant	1
freewheeling	1
relate	1
graphical	1
matches	1
ultracapacitor	1
simulating	1
ultracapacitors	1
enveloping	1
guarantees	1
1800	1
generators	1
1700l	1
1700h	1
trials	1
assessing	1
vbat	1
scc	1
max	1
algebraic	1
pulling	1
often	1
discrepancies	1
electromagnetophoretic	1
microencapsulated	1
calibrate	1
monotonic	1
monotonically	1
complemented	1
vice	1
versa	1
faster	1
assert	1
boost	1
complicated	1
leakages	1
hstl	1
sstl	1
allocator	1
osm	1
globally	1
develop	1
wrap	1
macrocell	1
concentrating	1
80pts	1
singular	1
consume	1
cluster	1
pairwise	1
hardwired	1
splitting	1
decomposes	1
di11a	1
di12a	1
regenerate	1
do11b	1
do12b	1
l21	1
l24	1
programmably	1
subthreshold	1
ringback	1
corrects	1
upset	1
seu	1
background	1
rewritten	1
adequate	1
considerations	1
dominant	1
teat	1
frost	1
tester	1
binning	1
combine	1
sem	1
houses	1
relieving	1
resilience	1
arrayed	1
attaching	1
ribbon	1
tested	1
nse	1
mechanisms	1
fittings	1
raising	1
parting	1
parachuting	1
boosts	1
boosted	1
rectifies	1
biopolymer	1
microarrays	1
manifold	1
venturi	1
dispensing	1
feeds	1
stub	1
necessity	1
dispenser	1
thereupon	1
towel	1
measure	1
inductively	1
coincide	1
modifies	1
5a	1
assumed	1
lcd	1
steerable	1
orthogonally	1
thorough	1
diverters	1
reconstructed	1
investigating	1
magic	1
equilibrium	1
magnetization	1
bell	1
mwd	1
befilled	1
ringing	1
echo	1
maintains	1
pulls	1
metalized	1
clocking	1
characterize	1
compliantly	1
prober	1
handler	1
backdrivable	1
variably	1
establish	1
complies	1
slight	1
presently	1
correlating	1
slopes	1
slope	1
underwater	1
shore	1
working	1
compare	1
2v	1
q26403	1
q26404	1
u26404	1
c26466	1
r26462	1
leading	1
lagging	1
circulates	1
extreme	1
thermopile	1
bifilar	1
doubling	1
cirucit	1
isolator	1
distributor	1
upstream	1
reorders	1
orders	1
mains	1
wired	1
eases	1
rectifiers	1
preset	1
evaluated	1
throttle	1
referring	1
mp	1
vb	1
hz	1
executed	1
pd_out	1
integrates	1
staircase	1
nonconducting	1
squeezed	1
accessed	1
updates	1
360	1
angular	1
polarity	1
shutoff	1
serially	1
synchronously	1
energization	1
pid	1
establishes	1
decay	1
assisting	1
converged	1
attenuating	1
implements	1
3t1c	1
moc	1
cd	1
commutating	1
speeds	1
commutated	1
multiphase	1
cycled	1
predefinable	1
periods	1
alternatingly	1
specially	1
physically	1
axle	1
conditioning	1
share	1
downsized	1
weighted	1
museum	1
subcircuits	1
obviates	1
prolongs	1
undergo	1
thousands	1
heretofore	1
usual	1
hitting	1
irradiate	1
minerals	1
redox	1
baseplate	1
slit	1
reads	1
tune	1
persistent	1
persists	1
exciting	1
confining	1
g1	1
spent	1
ration	1
aver	1
cheap	1
nonconductive	1
phosphor	1
ribs	1
bright	1
phosphors	1
constructions	1
devitrification	1
221a	1
221b	1
221c	1
223	1
addressable	1
13b	1
13c	1
13d	1
13e	1
bends	1
rounded	1
beveled	1
inadvertently	1
poorer	1
boat	1
dispersability	1
refraction	1
follows	1
monodispersed	1
homogeneously	1
dip	1
restriction	1
reproducible	1
hillocks	1
hillock	1
401	1
conical	1
402	1
niobium	1
traverse	1
interspace	1
shadow	1
emanates	1
sealant	1
funnel	1
starts	1
inward	1
crt	1
practice	1
accommodate	1
hinges	1
cradle	1
torsional	1
reductions	1
spark	1
glow	1
trivalent	1
especial	1
microlithography	1
fluctuating	1
rely	1
electromagnetics	1
inchworm	1
urges	1
propagating	1
standardized	1
045	1
070	1
litao	1
s11	1
88	1
sliding	1
locus	1
circle	1
rectangle	1
disengaged	1
possessed	1
issues	1
locks	1
implement	1
icons	1
his	1
her	1
eyes	1
vibration	1
advance	1
retard	1
brushes	1
concentratedly	1
accommodating	1
fits	1
frictionally	1
disengage	1
rolling	1
races	1
crankshaft	1
horizontally	1
partitioned	1
ddc	1
crts	1
lcds	1
multiprotocol	1
polyphase	1
spanning	1
harmonic	1
alteration	1
volts	1
hertz	1
tooth	1
put	1
compensate	1
saturation	1
intense	1
brief	1
isentropic	1
bears	1
ns	1
signalling	1
powerful	1
moderate	1
deflector	1
wasted	1
captured	1
blade	1
telecommunication	1
pots	1
isdn	1
archiving	1
pcmcia	1
stethoscope	1
handset	1
speakerphone	1
microphone	1
desktop	1
uploaded	1
pc	1
downwardly	1
326	1
destructed	1
major	1
thinned	1
mate	1
maloperation	1
build	1
mainly	1
sio	1
nano	1
pores	1
chief	1
conductore	1
materialize	1
wirings	1
originally	1
thinner	1
rigid	1
21a	1
hermetical	1
affixing	1
apparatuses	1
leaking	1
floor	1
indented	1
furnace	1
reflow	1
indentation	1
reflowed	1
shrinking	1
mutual	1
mcp	1
likelihood	1
finished	1
downset	1
dam	1
united	1
widthwise	1
encapsulation	1
encapsulates	1
lie	1
repeatably	1
lengthwise	1
multichip	1
adherence	1
compressive	1
2s	1
leak	1
underlaid	1
virtue	1
fact	1
capacitances	1
undesirable	1
resurf	1
photogate	1
occupying	1
harsh	1
gravitational	1
sic	1
gan	1
phosphorous	1
silicate	1
sloped	1
celsius	1
magnetizations	1
antiferromagnetically	1
resides	1
eroded	1
microelectromechanical	1
attenuators	1
overetched	1
dishing	1
silicidation	1
silicided	1
lined	1
overlie	1
figure	1
merit	1
shallower	1
discharged	1
sustains	1
io	1
3v	1
fod	1
bjt	1
notching	1
sandwiching	1
alongside	1
involve	1
compositionally	1
bandgap	1
npn	1
lengthening	1
refresh	1
enjoys	1
spacings	1
cfg	1
ccg	1
intergate	1
cs	1
insulate	1
merged	1
mis	1
avoids	1
widened	1
207	1
hsg	1
polarize	1
commonly	1
shadowing	1
photodiodes	1
dark	1
intermixed	1
externally	1
delays	1
optimizable	1
delaying	1
estimating	1
uplink	1
equally	1
distances	1
tapers	1
offer	1
permanently	1
arsenide	1
monolithically	1
610a	1
610b	1
610c	1
610d	1
collectors	1
isolations	1
insensitive	1
withstanding	1
temporal	1
consecutively	1
correspond	1
continues	1
dissipating	1
lake	1
marsh	1
software	1
tfts	1
undercut	1
throw	1
ascribed	1
opposition	1
crosstalk	1
ascribable	1
stacks	1
complementing	1
correctness	1
dispersing	1
centralized	1
photoconductive	1
bounded	1
usefully	1
revealed	1
plain	1
scattered	1
metric	1
marks	1
4a	1
irradiates	1
let	1
unhindered	1
impulse	1
propagation	1
customizing	1
fib	1
microlathe	1
doublet	1
aligners	1
automated	1
elevation	1
sun	1
contaminated	1
timeliness	1
conservatively	1
accounted	1
aspherical	1
fluorophore	1
microfluidic	1
inline	1
disc	1
travelling	1
lubricant	1
decelerating	1
maybe	1
repulsing	1
segmented	1
slows	1
bending	1
repeatedly	1
broken	1
slabs	1
poured	1
quantities	1
multidimensional	1
nondestructive	1
radionuclide	1
scanner	1
collimators	1
strategic	1
contributions	1
consideration	1
1100	1
subsurface	1
thermography	1
illustrate	1
bolometer	1
blip	1
te	1
photoconductivity	1
excavating	1
intersects	1
analytic	1
adopting	1
malfunction	1
judgement	1
deal	1
unmanned	1
fragmentation	1
instability	1
discriminating	1
singly	1
inexpensive	1
analyze	1
ejecting	1
spectrometry	1
ionize	1
desorption	1
waveforms	1
median	1
peak	1
difficulties	1
optic	1
wavefronts	1
constructively	1
destructively	1
interfere	1
vented	1
photodetecting	1
60f	1
md	1
60g	1
mi	1
60h	1
drift	1
positionings	1
collimating	1
dirt	1
displayable	1
triggered	1
virtually	1
stray	1
infinite	1
mathematical	1
deactivates	1
maneuverability	1
penetrability	1
needs	1
follow	1
contour	1
sealingly	1
unitarily	1
compresses	1
pushup	1
fix	1
restricts	1
390	1
420	1
cylinders	1
warm	1
item	1
burned	1
warming	1
appropriately	1
economic	1
pushing	1
linearity	1
marketing	1
texts	1
magazines	1
plans	1
collections	1
drawings	1
contracts	1
promotional	1
literature	1
catalogues	1
heatable	1
inlay	1
supplemented	1
microswitches	1
technically	1
flap	1
ventilators	1
ducted	1
peltier	1
formats	1
a4	1
a5	1
thicknesses	1
microgas	1
chromatograph	1
microstructures	1
blackening	1
marking	1
2r	1
2l	1
1r	1
1l	1
1c	1
lasers	1
remained	1
sinks	1
cracks	1
900	1
welder	1
preheated	1
supportive	1
sustained	1
studs	1
collet	1
accommodation	1
insolated	1
intimate	1
loses	1
dramatic	1
hexafluoride	1
interrupted	1
interrupts	1
resiliently	1
leaf	1
preloaded	1
tap	1
changer	1
journaled	1
gear	1
displaces	1
retains	1
cam	1
accumulating	1
multielement	1
weaker	1
van	1
der	1
waals	1
displacing	1
fixes	1
pivotal	1
indication	1
standing	1
engages	1
cavities	1
troughs	1
entrap	1
liquefied	1
tdr	1
reflectometry	1
pressures	1
prevail	1
soldering	1
shrinkable	1
tinted	1
tin	1
medial	1
crimped	1
shrinks	1
recovers	1
serve	1
packing	1
closely	1
tampering	1
enclosed	1
skirt	1
pliable	1
enclose	1
instances	1
attach	1
rock	1
macroencapsulation	1
unequivocal	1
unauthorized	1
frictional	1
hazardous	1
bundled	1
wrapped	1
overbraid	1
twisting	1
swivel	1
movably	1
steepness	1
algorithm	1
exponential	1
depend	1
context	1
improvidently	1
collective	1
rhythmic	1
vibratory	1
predefines	1
tempo	1
melody	1
accompaniment	1
tones	1
lengthy	1
singing	1
sing	1
vibrating	1
distort	1
buzz	1
counterhoops	1
decoration	1
looks	1
flapping	1
imparted	1
absorptive	1
timbre	1
drumhead	1
percussion	1
xylophone	1
marimba	1
hardwood	1
rosewood	1
birch	1
padauk	1
quince	1
impregnating	1
hardening	1
slanted	1
rectangularly	1
striking	1
captively	1
inwardly	1
dislodge	1
prone	1
elbow	1
configurable	1
transgenes	1
auxin	1
latencies	1
decompression	1
directory	1
rest	1
diaper	1
wrapping	1
hydrophillic	1
discontinuously	1
richer	1
crystallizing	1
environmentally	1
fractures	1
degeneration	1
fibroid	1
flashes	1
ldl	1
cholesterol	1
impairment	1
cognitive	1
cerebral	1
restenosis	1
gynecomastia	1
muscle	1
proliferation	1
microorganism	1
essential	1
naphthol	1
tetrabromo	1
cyclohexadienone	1
pot	1
eco	1
91	1
94	1
bromate	1
corrosive	1
bromine	1
moderately	1
diverse	1
codec	1
enantiomerically	1
strategy	1
sharpless	1
asymmetric	1
dihydroxylation	1
sad	1
dihydroxy	1
ee	1
monotosylation	1
nucleophilic	1
furnishes	1
enatiomerically	1
oxetine	1
depressant	1
drugs	1
opioid	1
jointly	1
r3	1
c1	1
c4	1
extractant	1
antifoam	1
triisocyanates	1
nitrogens	1
phosgene	1
diamine	1
triamine	1
lactones	1
caprolactone	1
hydoxy	1
hydroxycaproic	1
phosphorane	1
ketones	1
aldehydes	1
nucleophile	1
enones	1
aldol	1
condensation	1
cyclohexylethanone	1
gemdimethyl	1
cyclohexenylethanone	1
anhydride	1
enolate	1
dicarba	1
closo	1
dodecaboran	1
diketonate	1
ketoiminate	1
ethers	1
alkylphenyl	1
alkanol	1
trialkylsilanol	1
aalkylamine	1
phenylamine	1
triakylsilyl	1
promoting	1
accumulate	1
mac	1
oxirane	1
fresh	1
nitrile	1
taxane	1
nucleating	1
merely	1
alkylated	1
antiperspirant	1
sticks	1
azetidine	1
halo	1
hydroxybutyric	1
lovastatin	1
pravastatin	1
simvastatin	1
mevastatin	1
atorvastatin	1
antihypercholesterolemic	1
microorganisms	1
monascus	1
nocardia	1
amycolatopsis	1
mucor	1
penicillium	1
genus	1
semisynthetic	1
biotechnological	1
amides	1
pyrrol	1
pyridin	1
pyrr	1
olidin	1
monocyclopentadienyl	1
monoindenyl	1
monofluorenyl	1
heterocyclopentadienyl	1
cyclopentadienyl	1
carries	1
exclusively	1
hybridized	1
creatine	1
athletic	1
bitstreams	1
illustrative	1
coloring	1
oxidative	1
dihydroxyalkyl	1
benzyl	1
piperazine	1
piperidine	1
imidazole	1
morpholine	1
morpholino	1
nucleosides	1
formulae	1
cooh	1
terminators	1
sanger	1
labelling	1
purine	1
phosphodiesterase	1
pde	1
formulas	1
acyclic	1
termed	1
carboxylate	1
biomolecule	1
chelated	1
d1	1
cd40l	1
s1	1
vancomycin	1
enterococci	1
vre	1
her2	1
lactamase	1
mutants	1
deprived	1
assimilating	1
incapable	1
lacking	1
mox	1
ests	1
pro301	1
pro362	1
pro245	1
pseudomonas	1
exotoxin	1
chlamydia	1
discovery	1
chlamydial	1
antichlamydial	1
packs	1
radiotelephones	1
dialing	1
yin	1
list	1
interacting	1
sh3	1
stam	1
relating	1
suppressor	1
death	1
recombinantly	1
biopharmaceutical	1
industry	1
colony	1
glycoprotein	1
constitutively	1
conditioned	1
apparant	1
homogeneity	1
gemm	1
granulocyte	1
macrophage	1
erythroid	1
bfu	1
leukemic	1
luminal	1
enlarge	1
mammary	1
clogging	1
refers	1
acryloyl	1
glutathione	1
conveniently	1
reactant	1
limitation	1
devolatilization	1
devolatilized	1
meso	1
erythritol	1
polycarbonates	1
monomeric	1
diphenol	1
dialcohol	1
stirring	1
polycondensated	1
polycondensation	1
stirrers	1
ensured	1
dwell	1
220	1
39	1
53	1
63	1
telephones	1
69	1
71	1
hydrosilylation	1
underarm	1
nylons	1
textiles	1
bags	1
carpeting	1
valence	1
heteroatom	1
adherability	1
pliability	1
alkoxysilane	1
cyclohexane	1
nonpolar	1
cement	1
styrenic	1
ultimately	1
comonomer	1
others	1
compatibilizers	1
alr	1
halr	1
molar	1
organometal	1
transitioning	1
incompatible	1
contaminant	1
seedbed	1
multipole	1
north	1
south	1
fluff	1
transporter	1
blending	1
arms	1
biologically	1
entrapment	1
aminoester	1
immobilized	1
cheaper	1
international	1
markets	1
gelated	1
sliced	1
soil	1
novelty	1
adaptable	1
specialty	1
compatibility	1
anodes	1
golfer	1
repulsion	1
polysulfide	1
walled	1
squeeze	1
tubes	1
925	1
attained	1
miscible	1
915	1
indenyl	1
elongation	1
necessaries	1
nearby	1
alerting	1
fluoropolymers	1
plastomer	1
polyurethane	1
polyestercarbonate	1
crack	1
chemicals	1
notched	1
profiles	1
imperfections	1
blown	1
deoxidized	1
inhibited	1
dispersible	1
1600	1
450	1
2400	1
esterifying	1
polyhydric	1
amid	1
oxetane	1
ortho	1
thermothickening	1
finishing	1
isophorone	1
adhesiveness	1
curative	1
utc	1
disperse	1
pneumatic	1
polyisoprene	1
polybutadiene	1
plasticizer	1
aggregates	1
participated	1
exclusive	1
precipitated	1
nonconjugated	1
polyene	1
processibility	1
flexural	1
hardness	1
brittleness	1
moldings	1
kneading	1
compatilizer	1
substitutent	1
polymerizations	1
clays	1
admixtures	1
caulks	1
sealants	1
hydrotalcite	1
bismuth	1
performances	1
throwing	1
smoothness	1
harmful	1
inkjet	1
aluminium	1
reagenst	1
sulfides	1
phosphates	1
adsorbents	1
acetates	1
solublized	1
borate	1
rubbery	1
polyfluoro	1
retardation	1
recyclability	1
lights	1
overriding	1
preemptive	1
instructional	1
motorists	1
overrides	1
opaque	1
leds	1
graphic	1
selections	1
halt	1
symbol	1
arrow	1
chevron	1
resinous	1
blended	1
proportions	1
unneutralized	1
rebound	1
balls	1
ducts	1
antioxidant	1
colorfastness	1
washfastness	1
imbibing	1
bicarbonate	1
acrylonitrile	1
oxaphospholane	1
reprocessing	1
recycling	1
polycondensates	1
degassed	1
degassing	1
ctab	1
bet	1
synergistically	1
biocompatible	1
year	1
sutures	1
suture	1
fasteners	1
rivets	1
tacks	1
staples	1
slings	1
orthopedic	1
augmentation	1
stents	1
articular	1
guides	1
atrial	1
septal	1
pericardial	1
bulking	1
vein	1
scaffolds	1
ligament	1
grafts	1
ocular	1
implants	1
spinal	1
cages	1
dural	1
dowels	1
dressings	1
hemostats	1
backbones	1
alter	1
polyhydroxyalkanoate	1
biocompatibility	1
scenting	1
pleasant	1
lasting	1
fragrance	1
aroma	1
depletion	1
regards	1
tanks	1
communicator	1
innumerable	1
biomedical	1
linkages	1
rays	1
toughening	1
aids	1
cosmetics	1
metathesis	1
describes	1
blowing	1
inconsistencies	1
fusing	1
tropsch	1
circulation	1
reactivation	1
sols	1
organosilane	1
marine	1
emulsified	1
arta	1
demonstrate	1
androgenic	1
anabolic	1
nonsteroidal	1
subclass	1
sarm	1
contraception	1
aging	1
adam	1
erectile	1
benign	1
hyperplasia	1
adif	1
chronic	1
muscular	1
wasting	1
halting	1
regression	1
excipients	1
metalloproteinase	1
isomers	1
hydrates	1
unsubstituted	1
oxymethylene	1
methyleneoxy	1
ethylenebis	1
dithiocarbamate	1
dichlorophenyl	1
imide	1
chlorothalonil	1
phthalimide	1
anilide	1
cymoxanil	1
fosetyl	1
cyanopyrrole	1
anilino	1
carbamate	1
fungicides	1
whitening	1
melanine	1
stagnation	1
freckles	1
sucralfate	1
anesthetic	1
lidocaine	1
burns	1
mange	1
relieve	1
irritations	1
discomfort	1
viia	1
plasmin	1
kallikrein	1
anticoagulant	1
veinous	1
arterial	1
thrombi	1
competitive	1
thrombosis	1
anticoagulants	1
cho	1
coch	1
pr	1
naphthyl	1
pyrazine	1
pyridazine	1
benzene	1
cyclooxygenase	1
treat	1
sulfonamides	1
oral	1
bioavailability	1
facile	1
pill	1
burden	1
shoots	1
foliage	1
clothianidin	1
pyrethrin	1
pyrethroid	1
unsown	1
garage	1
planer	1
slidably	1
socket	1
proinflammatory	1
endotoxic	1
stimulation	1
efferent	1
phenoxy	1
phenylmethyl	1
cytotoxic	1
ca	1
overload	1
peroxidation	1
ischemic	1
piperidino	1
propyl	1
nicotinic	1
amidoxime	1
here	1
please	1
see	1
pyridinyl	1
pyrrolyl	1
thienyl	1
furanyl	1
imidazolyl	1
triazolyl	1
cf	1
iodo	1
substitutions	1
anxiety	1
regimen	1
farnesyl	1
transferase	1
abbreviated	1
day	1
schedule	1
isomer	1
mmps	1
tnf	1
antagonistic	1
orexin	1
abnormality	1
hydrolysable	1
threonine	1
cdk	1
fak	1
alkynyl	1
alkynyloxy	1
crop	1
pests	1
potent	1
ht	1
psychoses	1
schizophrenia	1
neurological	1
parkingson	1
amyotrophic	1
sclerosis	1
huntington	1
eating	1
bulimia	1
nervous	1
anorexia	1
premenstrual	1
positively	1
obsessive	1
ocd	1
phenylamidines	1
tautomers	1
stereoisomers	1
pharmacological	1
imidazotriazinones	1
medicaments	1
cgmp	1
metabolizing	1
phosphodiesterases	1
specification	1
medicinal	1
colon	1
dogs	1
cats	1
livestock	1
phosphatidylinositol	1
tricyclic	1
solvates	1
prophylactically	1
fibrosis	1
inflamation	1
vitronectin	1
proliferative	1
synthesizing	1
esterified	1
sitting	1
hospitals	1
homes	1
caregivers	1
falls	1
wheelchair	1
wishes	1
caregiver	1
elderly	1
night	1
staffs	1
osteoarthritis	1
diminishing	1
glucosamine	1
linoleic	1
ascorbic	1
prescription	1
medication	1
carboxy	1
alkyldextran	1
polyalcohol	1
dextran	1
polyalcoholization	1
tumorous	1
toxicity	1
galactomannan	1
polysaccharides	1
borates	1
corneal	1
hyaluronic	1
triboelectrically	1
chargeable	1
synthesize	1
gdept	1
glycosylphosphatidylinositol	1
gpi	1
sart	1
possessing	1
functionally	1
prophylactic	1
heterozygous	1
replaced	1
antihelminthic	1
schistosoma	1
alkyne	1
hydroxymethyl	1
rxr	1
reabsorption	1
diabetes	1
reported	1
307	1
507	1
508	1
premises	1
309	1
509	1
payment	1
criteria	1
disconnection	1
excipient	1
kolla2	1
arthritic	1
orally	1
dietary	1
dosage	1
leucocytes	1
integrins	1
rheumatoid	1
mrna	1
intestine	1
pancreas	1
homologs	1
gastric	1
motility	1
procoagulant	1
phe3o9	1
apc	1
arg336	1
ile562	1
von	1
willebrand	1
a3	1
hemophilia	1
productions	1
fracture	1
hyperparathyroidism	1
periodontal	1
metastatic	1
osteolytic	1
surgery	1
prosthetic	1
surgey	1
dental	1
escherichia	1
coli	1
subtilis	1
sanguis	1
epidermis	1
aureus	1
candida	1
albicans	1
glabarata	1
cryptococcus	1
neoformans	1
flavus	1
fumigatus	1
pseudoallescheria	1
spec	1
endocarditis	1
isolatable	1
hybrids	1
gp130	1
pathologies	1
reversing	1
dysfunctional	1
endothelial	1
stimulus	1
fibrinolysis	1
tafi	1
treatments	1
affixation	1
items	1
intervention	1
satiety	1
oleic	1
stimulate	1
extracts	1
potato	1
soy	1
beans	1
ingestion	1
accelerate	1
molluscum	1
contagiosum	1
preserved	1
kda	1
collectin	1
collagenous	1
lectin	1
epithelial	1
recombination	1
mice	1
alveolar	1
macrophages	1
abnormal	1
models	1
therapies	1
pulmonary	1
softening	1
coo	1
conh	1
denote	1
stays	1
stained	1
wiped	1
stain	1
cleaners	1
spots	1
cabinets	1
stove	1
tops	1
doors	1
brick	1
caulk	1
bug	1
tar	1
automobiles	1
trucks	1
machinery	1
48	1
86	1
89	1
111	1
119	1
131	1
133	1
134	1
137	1
141	1
146	1
147	1
158	1
159	1
167	1
173	1
174	1
177	1
181	1
182	1
183	1
184	1
185	1
188	1
192	1
194	1
198	1
211	1
213	1
214	1
215	1
227	1
228	1
236	1
237	1
238	1
242	1
243	1
244	1
245	1
246	1
247	1
248	1
249	1
251	1
253	1
254	1
255	1
256	1
258	1
259	1
261	1
262	1
263	1
268	1
269	1
270	1
271	1
272	1
subtitution	1
usability	1
chambers	1
worn	1
interrupt	1
polyoxyalkylene	1
alkoxylate	1
polyoxypropylene	1
polyoxybutylene	1
alkylpolyglycoside	1
c2	1
bursts	1
bathroom	1
mildew	1
scum	1
humectant	1
proviso	1
fracturing	1
hydroscopic	1
gels	1
copolymerisable	1
polyalkyleneimine	1
polyfunctional	1
aralkylamine	1
heteroaralkylamine	1
lithium	1
rubidium	1
cesium	1
francium	1
herbicidal	1
dose	1
benzoylisoxazoles	1
alkanediyl	1
monocyclic	1
oxo	1
thioxo	1
arylsulphonyl	1
thio	1
ureas	1
alkenyloxy	1
alkinyloxy	1
cycloalkylalkyl	1
formyl	1
cycloalkylcarbonyl	1
cycloalkylsulphonyl	1
pyrimidin	1
tetrafluoro	1
ethoxy	1
methy	1
phenylsulphonyl	1
photocatalysts	1
organomagnesium	1
donative	1
changeable	1
polyolefins	1
organometallic	1
cocatalyst	1
carbenium	1
cation	1
noncoordinating	1
weakly	1
coordinating	1
anion	1
et	1
hexane	1
copolymerizes	1
bridged	1
comonomers	1
100k	1
910	1
unsupported	1
indeno	1
activities	1
styrenes	1
triphenylmethyl	1
triisobutylaluminium	1
inexpensively	1
cures	1
flex	1
crosslinks	1
milling	1
fluoroelasomer	1
spheroidal	1
emulsifying	1
paraffinic	1
sol	1
hydrolyzing	1
pinhole	1
superconductor	1
breathable	1
blends	1
divisible	1
suede	1
filtration	1
envisaged	1
influences	1
exerted	1
dependence	1
occurred	1
softened	1
binders	1
plybond	1
humidity	1
impregnability	1
365	1
nanometers	1
ce	1
fiberglass	1
meltblowing	1
spunbonding	1
coforming	1
carding	1
airlaying	1
training	1
pants	1
garments	1
commercially	1
realizing	1
contaminates	1
kind	1
satisfactorily	1
nitriding	1
argon	1
communicate	1
possibility	1
proximal	1
locality	1
spatial	1
approximated	1
heartbeat	1
victim	1
kidnappings	1
political	1
innocents	1
etchant	1
numerous	1
internally	1
cooled	1
cooperates	1
pushes	1
versus	1
rie	1
caibe	1
ribe	1
ionized	1
redeposited	1
sac	1
harc	1
torr	1
ferritin	1
anisotrophically	1
koh	1
hydrofluoric	1
slurries	1
inclusion	1
surfactants	1
cetyltrimethylammonium	1
rom	1
gid	1
replies	1
confirming	1
reply	1
nisi	1
therebeneath	1
microscopic	1
decompose	1
homogeneous	1
stresses	1
embodying	1
hierarchical	1
perforation	1
wf	1
sih	1
nitrided	1
mmh	1
wsixny	1
lean	1
salicidation	1
salicide	1
pvd	1
precluding	1
lightly	1
hardenable	1
verified	1
false	1
dispatches	1
burying	1
simplifying	1
benzotriazole	1
batch	1
seals	1
regardless	1
promotes	1
robust	1
disilicide	1
summoning	1
expert	1
summoned	1
locked	1
misuse	1
pattering	1
dries	1
centre	1
erased	1
epitaxially	1
undefined	1
solved	1
rever	1
beol	1
etchback	1
benefiting	1
interlevel	1
electroless	1
penetrated	1
overhang	1
65a	1
65b	1
puncturing	1
electrolytic	1
cavitation	1
influential	1
950	1
fashion	1
epitaxal	1
emphasized	1
comply	1
searcher	1
ascertain	1
matter	1
technical	1
submitted	1
understanding	1
interpret	1
meaning	1
claims	1
cfr	1
tunneling	1
endurance	1
spilt	1
expand	1
slides	1
attains	1
protrudes	1
elemental	1
carbonitride	1
rough	1
titanim	1
originate	1
6f	1
split	1
propagate	1
outdiffused	1
saves	1
underneath	1
ecc	1
checker	1
inherently	1
refreshes	1
refreshing	1
3e18	1
cm3	1
likewise	1
tetrachlorosilane	1
sicl	1
thicker	1
reoxidation	1
un	1
crystallized	1
diffusions	1
nfet	1
arises	1
catalyzes	1
theft	1
ready	1
entirely	1
mixedly	1
indirect	1
incomplete	1
actuate	1
examined	1
logo	1
company	1
hurt	1
preserve	1
integrity	1
instance	1
owing	1
depends	1
availability	1
important	1
respond	1
consistently	1
antireflective	1
shaping	1
foregoing	1
planarizes	1
fluctuations	1
wheatstone	1
whetstone	1
balanced	1
symmetrized	1
singulating	1
authenticating	1
authenticated	1
authorization	1
interconnections	1
eventually	1
silanol	1
passivated	1
street	1
nanostructure	1
constriction	1
equilaterals	1
diagonal	1
intersect	1
differs	1
endpoint	1
bst	1
anthracis	1
clostridium	1
phosphorescence	1
eu	1
tb	1
dipicolinic	1
diaminopimelic	1
acetlymuramic	1
careful	1
lanthanide	1
ethylenediaminetriacetic	1
hedta	1
iminodiacetic	1
heida	1
europium	1
terbium	1
characteristically	1
phosphorescent	1
interlocks	1
tabs	1
project	1
radioligand	1
radiolabeled	1
tetrahydro	1
naphthalenyl	1
hydoxyspiro	1
2h	1
benzopyran	1
piperidin	1
methanesulfonamide	1
antiarrhythmic	1
correlate	1
subpopulations	1
nir	1
solutes	1
impinge	1
affordable	1
microbridge	1
interfering	1
conductivities	1
methoxy	1
propanol	1
dipropylene	1
glycol	1
monomethyl	1
vanes	1
practicing	1
adenovirus	1
find	1
vitamin	1
subset	1
mononuclear	1
mature	1
myeloid	1
transplantation	1
letting	1
equation	1
totla	1
equ1	1
operably	1
hemopoietic	1
lymphoid	1
epitope	1
responses	1
iduronate	1
sulfatase	1
ids	1
mlv	1
titer	1
operative	1
icp34	1
neurovirulent	1
spontaneously	1
reactivate	1
thymidine	1
effectiveness	1
gancyclovir	1
acyclovir	1
toxic	1
interferon	1
gamma	1
intracytoplasmic	1
sperm	1
enzymatic	1
hydrolyzed	1
gf	1
isobutyl	1
diethyl	1
aminoethyl	1
methylphosphonothioate	1
methylphosphonate	1
enzymes	1
isopropyl	1
pinacolyl	1
methylphosphonates	1
empn	1
impn	1
pmpn	1
pharmacogenomic	1
neuropeptide	1
brain	1
encodes	1
structurally	1
hypothalamic	1
pituituary	1
adrenal	1
basal	1
suggesting	1
synthesized	1
phenomenon	1
findings	1
neuropeptides	1
flagella	1
helicobacter	1
aflagellate	1
strains	1
viruses	1
cdnas	1
oxyluciferin	1
originating	1
organism	1
transformant	1
transductant	1
hyper	1
hypo	1
allergenic	1
recognize	1
immunogenic	1
occuring	1
keto	1
iict	1
001	1
nucleotides	1
fermentative	1
coryneform	1
ccpa1	1
paired	1
templates	1
generic	1
overproduction	1
polyketide	1
obviate	1
parathyroid	1
bioactive	1
anchored	1
p56	1
lck	1
pp60	1
src	1
localization	1
assessed	1
fractionation	1
screened	1
live	1
tools	1
studying	1
subcellular	1
trafficking	1
continuing	1
deficiencies	1
potentiates	1
interleukin	1
insure	1
subunits	1
transfected	1
complexing	1
ensuring	1
ligated	1
cleaving	1
overdressed	1
olfaction	1
kidney	1
cervix	1
rectum	1
thermostability	1
parent	1
omi1	1
omi2	1
omi3	1
consensus	1
inherited	1
causative	1
expressible	1
devoid	1
chains	1
mould	1
trichoderma	1
saccharomyces	1
kluyveromyces	1
pichia	1
ex	1
oxido	1
obtainable	1
glucocorticoid	1
adipose	1
hydroxysteroid	1
dehydrogenase	1
hsd1	1
follicles	1
firmly	1
clamped	1
endogenous	1
inactivated	1
antithrombin	1
heparin	1
cofactor	1
preincubation	1
exogenous	1
prothrombin	1
impaired	1
compairsons	1
immunoassay	1
populations	1
tetrakis	1
carboxyphenyl	1
porphine	1
categorizing	1
correlated	1
solubilizing	1
borrelia	1
burgdorferi	1
lyme	1
qualitative	1
quantitative	1
severity	1
clinical	1
signs	1
lysophospholipase	1
characterizing	1
assaying	1
indirectly	1
suspected	1
contacted	1
complement	1
multiplex	1
settings	1
assayed	1
retention	1
chromatography	1
columns	1
greatly	1
strategically	1
strands	1
stoichiometric	1
wild	1
denaturing	1
reversible	1
intercalator	1
halves	1
bloom	1
onset	1
diacetylchitobiase	1
study	1
organisms	1
acetyl	1
glucosaminidases	1
randomized	1
associates	1
associate	1
polyprotein	1
nonstructural	1
immunization	1
hyperproliferating	1
undifferentiated	1
gag	1
immersing	1
tract	1
conducive	1
maturation	1
zygote	1
biopsy	1
eight	1
blastocyst	1
cryopreservation	1
hexamethylenetetramine	1
premixed	1
replenisher	1
minute	1
sensitizer	1
spectrally	1
sensitized	1
chromophore	1
concentrically	1
fur	1
digitally	1
radiant	1
novolak	1
hydroxystyrene	1
constitutional	1
limitations	1
servo	1
stamper	1
reproducing	1
accelerated	1
stopps	1
coercivity	1
hc	1
remnant	1
moment	1
mrt	1
swellable	1
microgel	1
immiscible	1
fountain	1
cyclohexyl	1
ped	1
stripping	1
microfabrication	1
photolithography	1
diazoquinones	1
planographic	1
crusher	1
screw	1
feeder	1
cyclically	1
filed	1
refrigerated	1
refrigerator	1
proportion	1
quantitatively	1
photoelectron	1
inclination	1
005	1
reasons	1
aerial	1
lies	1
coherence	1
elliptical	1
preferential	1
suppressed	1
isotropically	1
reveal	1
fall	1
nonaqueous	1
dehydrated	1
azeotropic	1
karl	1
titration	1
electrolytes	1
tine	1
optimizing	1
oxyzirconnium	1
dissolved	1
unnecessary	1
tabless	1
galvanic	1
rarely	1
breaks	1
jelly	1
explosion	1
electrocatalytically	1
evolution	1
catalytically	1
electrocatalyst	1
staggered	1
employment	1
waste	1
prism	1
cylinder	1
detailed	1
send	1
sends	1
robotic	1
stations	1
programmed	1
serpentine	1
audible	1
fueling	1
circulate	1
productive	1
luminescence	1
801	1
803	1
804	1
806	1
807	1
808	1
optimization	1
cleansing	1
cleansed	1
superalloy	1
impurities	1
furnishing	1
snr	1
unstable	1
disk	1
nip	1
ternary	1
coti	1
coal	1
niti	1
feti	1
cofe	1
cohf	1
cuzn	1
cozr	1
mnal	1
ta	1
au	1
lauryl	1
tapioca	1
dextrin	1
agriculture	1
biaxially	1
sheen	1
printability	1
preservation	1
multidot	1
hrs	1
mpa	1
metallized	1
evaporated	1
thermoset	1
metallization	1
crosslinker	1
stabilizer	1
acetylenic	1
curvature	1
idea	1
alumina	1
exempt	1
creep	1
deformation	1
tests	1
proved	1
rainbow	1
pyrolysis	1
whereof	1
reflectance	1
priming	1
primed	1
84	1
photoinitiators	1
customary	1
sanding	1
topcoating	1
topcoats	1
whenever	1
releasable	1
satisfactory	1
adsorbing	1
glasses	1
ear	1
temples	1
micropore	1
mr	1
comfortableness	1
dyestuffs	1
omitted	1
knitted	1
warp	1
knit	1
fabrics	1
women	1
twisted	1
complexed	1
mgo	1
cao	1
miniaturized	1
hardener	1
epoxidized	1
longevity	1
exerts	1
polyvinylidene	1
distinctly	1
curled	1
toners	1
matting	1
multilayered	1
symmetrical	1
antistat	1
extrudable	1
compatibilizer	1
oozing	1
dehumidifying	1
preprocess	1
defective	1
wallboards	1
carded	1
laid	1
scrim	1
125	1
porosity	1
braking	1
fade	1
ultrathin	1
exfoliating	1
microcrystals	1
desirably	1
instrumenting	1
backfilled	1
latter	1
adjoins	1
foreign	1
matte	1
releasably	1
texture	1
undulating	1
passageways	1
stabilize	1
psi	1
sa	1
vv	1
186	1
caliper	1
inches	1
underpants	1
swim	1
adult	1
511	1
stuck	1
noncontact	1
algae	1
roofing	1
granules	1
coats	1
tint	1
wc	1
jis	1
k10	1
iso	1
spgn120312	1
rake	1
tialn	1
occupy	1
rz	1
psa	1
rheological	1
sight	1
moulding	1
duroplastic	1
coverings	1
microspheres	1
hardback	1
flooring	1
aporous	1
electroplated	1
elicit	1
measurable	1
readability	1
transforms	1
lifetime	1
avoidance	1
rental	1
copolymerizable	1
stand	1
di	1
stands	1
astm	1
1003	1
opacity	1
resorcinol	1
melamine	1
fuser	1
electrostatographic	1
thereover	1
constituent	1
v2	1
f2	1
p1	1
p2	1
	1
